,Solid_Volume_Fraction,Average_Pore_Size,Pore_Size_Std,Average_Sphere_Radius,Sphere_Radius_Std,Particle_Radius,Particle_Rate,Atom_Atom_CohesiveEnergy,Atom_Wall_CohesiveEnergy,Thickness,Fluid_Velocity,nu,Umedian,Umean,Skew,Kurt,Mean_Min_Dist10,Mean_Min_Dist25,Mean_Min_Dist33,Mean_Min_Dist50,Mean_Min_Dist66,Mean_Min_Dist75,Mean_Min_Dist100,Names,EndTime,Clogged?
0,0.619828086,0.00134448,0.001333802,0.009097544,0.006917296,0.00021,2245,5000000,5000,0.0012,0.18,1.00E-05,0.307308435,0.548126876,23.35161209,669.2422541,0.008134153,0.010781458,0.012231489,0.015372033,0.018487759,0.020461147,0.035172275,awE5000aaE5000000C2245dRatio0.35Case,500000,FALSE
0,0.619828086,0.00134448,0.001333802,0.009097544,0.006917296,0.00015,2245,5000,50000,0.0012,0.18,1.00E-05,0.320066869,0.461898923,32.27757645,1206.528481,0.004720798,0.007736997,0.008933561,0.011244405,0.013534449,0.015035606,0.02551683,awE50000aaE5000C2245dRatio0.25Case,274000,FALSE
0,0.619828086,0.00134448,0.001333802,0.009097544,0.006917296,0.00021,2245,5000,5000,0.0012,0.18,1.00E-05,0.0980509,0.211347327,1.500797272,1.836030053,0.000662946,0.001193277,0.001655482,0.002880196,0.004259953,0.005205508,0.011545105,awE5000aaE5000C2245dRatio0.35Case,500000,FALSE
0,0.619828086,0.00134448,0.001333802,0.009097544,0.006917296,0.00021,2245,500000,5000000,0.0012,0.18,1.00E-05,0.490451008,1.100538135,8.202861786,69.42752621,0.01946886,0.021216383,0.022129367,0.024112866,0.026483495,0.028218341,0.044296612,awE5000000aaE500000C2245dRatio0.35Case,500000,FALSE
0,0.619828086,0.00134448,0.001333802,0.009097544,0.006917296,0.00021,8674,5000,5000000,0.0012,0.18,1.00E-05,0.490451008,1.272682667,6.128214836,39.4778878,0.010669427,0.01197476,0.012551729,0.013774318,0.014951233,0.015778091,0.023438209,awE5000000aaE5000C8674dRatio0.35Case,500000,FALSE
0,0.619828086,0.00134448,0.001333802,0.009097544,0.006917296,0.00021,2245,5000,50000,0.0012,0.18,1.00E-05,0.090648875,0.205370963,1.569845557,2.31862353,0.00063899,0.001084712,0.001519817,0.002716939,0.004108358,0.005046586,0.011257895,awE50000aaE5000C2245dRatio0.35Case,500000,FALSE
0,0.619828086,0.00134448,0.001333802,0.009097544,0.006917296,0.00015,2245,5000000,50000,0.0012,0.18,1.00E-05,-1,-1,-1,-1,-1,-1,-1,-1,-1,-1,-1,awE50000aaE5000000C2245dRatio0.25Case,58000,-1
0,0.619828086,0.00134448,0.001333802,0.009097544,0.006917296,0.00021,8674,5000000,5000000,0.0012,0.18,1.00E-05,0.490451008,1.186247826,6.236299038,40.40823731,0.010564984,0.011962331,0.012547709,0.013688753,0.01494519,0.015806419,0.023057332,awE5000000aaE5000000C8674dRatio0.35Case,500000,FALSE
0,0.619828086,0.00134448,0.001333802,0.009097544,0.006917296,0.00021,2245,500000,5000,0.0012,0.18,1.00E-05,0.03203582,0.17799972,1.840550184,3.969185562,0.000571403,0.00073152,0.0009349,0.001926442,0.003405514,0.004455131,0.011458287,awE5000aaE500000C2245dRatio0.35Case,500000,TRUE
0,0.619828086,0.00134448,0.001333802,0.009097544,0.006917296,0.00021,2245,50000,500000,0.0012,0.18,1.00E-05,0.00125551,0.051109694,3.837968111,15.48120996,0.000660954,0.000778538,0.000844134,0.001031555,0.001349357,0.001655476,0.005795187,awE500000aaE50000C2245dRatio0.35Case,384000,TRUE
0,0.619828086,0.00134448,0.001333802,0.009097544,0.006917296,0.00021,8674,5000,50000,0.0012,0.18,1.00E-05,0.117123246,0.2297481,1.351749301,1.224795712,0.000575558,0.000769806,0.000919383,0.001365753,0.001986968,0.002454332,0.006181563,awE50000aaE5000C8674dRatio0.35Case,343000,FALSE
0,0.619828086,0.00134448,0.001333802,0.009097544,0.006917296,0.00021,8674,5000,500000,0.0012,0.18,1.00E-05,0.004316686,0.116485626,21.99568367,1147.448906,0.000640988,0.000767862,0.00084197,0.001071833,0.001478669,0.001879383,0.005640123,awE500000aaE5000C8674dRatio0.35Case,250000,TRUE
0,0.619828086,0.00134448,0.001333802,0.009097544,0.006917296,0.00021,8674,500000,50000,0.0012,0.18,1.00E-05,0.085882187,0.249355391,75.02095032,6563.554743,0.000568116,0.000704075,0.00084908,0.001539209,0.002548019,0.003289406,0.008439665,awE50000aaE500000C8674dRatio0.35Case,331000,FALSE
0,0.619828086,0.00134448,0.001333802,0.009097544,0.006917296,0.00015,2245,50000,500000,0.0012,0.18,1.00E-05,0.000408465,0.092036985,12.24106026,339.8518652,0.001012639,0.001535617,0.001849381,0.002647883,0.00370462,0.004589204,0.011174953,awE500000aaE50000C2245dRatio0.25Case,479000,TRUE
0,0.619828086,0.00134448,0.001333802,0.009097544,0.006917296,0.00015,2245,50000,50000,0.0012,0.18,1.00E-05,0.294250995,0.469696134,30.49497223,986.9750198,0.003387147,0.007059293,0.008369504,0.010816539,0.013207513,0.014766328,0.025693128,awE50000aaE50000C2245dRatio0.25Case,500000,FALSE
0,0.619828086,0.00134448,0.001333802,0.009097544,0.006917296,0.00015,8674,500000,500000,0.0012,0.18,1.00E-05,0.012904793,0.22189787,53.29850006,3209.588575,0.000856475,0.00122115,0.001450391,0.002097662,0.002983246,0.003665737,0.008173749,awE500000aaE500000C8674dRatio0.25Case,237000,TRUE
0,0.619828086,0.00134448,0.001333802,0.009097544,0.006917296,0.00015,8674,5000,5000,0.0012,0.18,1.00E-05,0.372810483,0.535925627,44.08708954,2052.195607,0.003478777,0.005025772,0.005700795,0.007070685,0.008411671,0.009289715,0.016182716,awE5000aaE5000C8674dRatio0.25Case,446000,FALSE
0,0.619828086,0.00134448,0.001333802,0.009097544,0.006917296,0.00015,8674,50000,50000,0.0012,0.18,1.00E-05,0.371627837,0.490781575,49.43251038,2799.543864,0.002872076,0.004566249,0.005300945,0.006733711,0.008142564,0.009041092,0.015589136,awE50000aaE50000C8674dRatio0.25Case,418000,FALSE
0,0.619828086,0.00134448,0.001333802,0.009097544,0.006917296,0.00015,2245,500000,500000,0.0012,0.18,1.00E-05,0.000398391,0.097258255,17.60919571,496.4190318,0.000830995,0.001162854,0.001378912,0.00199328,0.002869767,0.003578874,0.009355456,awE500000aaE500000C2245dRatio0.25Case,433000,TRUE
0,0.619828086,0.00134448,0.001333802,0.009097544,0.006917296,0.00015,8674,5000,50000,0.0012,0.18,1.00E-05,0.36880815,0.466944426,65.41827393,4584.198597,0.003168604,0.004826306,0.005533506,0.006958862,0.008345512,0.009263643,0.016036191,awE50000aaE5000C8674dRatio0.25Case,427000,FALSE
0,0.619828086,0.00134448,0.001333802,0.009097544,0.006917296,0.00015,2245,5000000,5000,0.0012,0.18,1.00E-05,0.392351002,0.592093527,21.04291153,502.120605,0.010499693,0.01281236,0.013850147,0.015962063,0.018380633,0.020120452,0.033942133,awE5000aaE5000000C2245dRatio0.25Case,500000,FALSE
0,0.619828086,0.00134448,0.001333802,0.009097544,0.006917296,0.00021,2245,5000000,50000,0.0012,0.18,1.00E-05,0.317951083,0.554220915,13.80735874,259.2692363,0.008195955,0.01084788,0.012328116,0.015447796,0.018595944,0.020636615,0.03433276,awE50000aaE5000000C2245dRatio0.35Case,500000,FALSE
0,0.619828086,0.00134448,0.001333802,0.009097544,0.006917296,0.00015,2245,5000000,500000,0.0012,0.18,1.00E-05,0.00884035,0.236502573,22.59800911,670.491467,0.005934312,0.007916906,0.008933948,0.011148746,0.013425133,0.014921709,0.024772416,awE500000aaE5000000C2245dRatio0.25Case,500000,TRUE
0,0.619828086,0.00134448,0.001333802,0.009097544,0.006917296,0.00021,8674,5000000,5000,0.0012,0.18,1.00E-05,0.392351002,0.739911437,17.37336159,420.3189867,0.00491117,0.006441199,0.007304058,0.009054184,0.010760754,0.011962826,0.022244185,awE5000aaE5000000C8674dRatio0.35Case,500000,FALSE
0,0.619828086,0.00134448,0.001333802,0.009097544,0.006917296,0.00015,2245,5000,500000,0.0012,0.18,1.00E-05,0.000532359,0.102374509,21.22939873,705.8789615,0.00108349,0.001585939,0.001885683,0.002673062,0.003718105,0.004568281,0.010991568,awE500000aaE5000C2245dRatio0.25Case,475000,TRUE
0,0.619828086,0.00134448,0.001333802,0.009097544,0.006917296,0.00021,2245,5000000,5000000,0.0012,0.18,1.00E-05,0.490451008,1.100538135,8.202861786,69.42752621,0.019330467,0.021630114,0.022610307,0.024512117,0.026672398,0.028324838,0.043986635,awE5000000aaE5000000C2245dRatio0.35Case,500000,FALSE
0,0.619828086,0.00134448,0.001333802,0.009097544,0.006917296,0.00015,8674,500000,5000,0.0012,0.18,1.00E-05,0.392351002,0.480311692,51.0045929,3096.500731,0.003182289,0.004888198,0.005595554,0.00697347,0.008313688,0.009197248,0.016140383,awE5000aaE500000C8674dRatio0.25Case,433000,FALSE
0,0.619828086,0.00134448,0.001333802,0.009097544,0.006917296,0.00015,2245,50000,5000000,0.0012,0.18,1.00E-05,0.490451008,1.017885089,13.4771595,182.0220765,0.018778022,0.020927042,0.021974592,0.024108351,0.026411136,0.028069566,0.045164845,awE5000000aaE50000C2245dRatio0.25Case,500000,FALSE
0,0.619828086,0.00134448,0.001333802,0.009097544,0.006917296,0.00015,8674,50000,5000,0.0012,0.18,1.00E-05,0.391689569,0.59019196,36.84992981,1555.397244,0.003266442,0.004962771,0.005656741,0.007032033,0.008389225,0.009271364,0.016145186,awE5000aaE50000C8674dRatio0.25Case,435000,FALSE
0,0.619828086,0.00134448,0.001333802,0.009097544,0.006917296,0.00015,2245,5000000,5000000,0.0012,0.18,1.00E-05,0.490451008,1.017885089,13.4771595,182.0220765,0.019172019,0.02133377,0.022293431,0.024168856,0.026497085,0.028161126,0.043647006,awE5000000aaE5000000C2245dRatio0.25Case,500000,FALSE
0,0.619828086,0.00134448,0.001333802,0.009097544,0.006917296,0.00015,2245,500000,5000000,0.0012,0.18,1.00E-05,0.490451008,1.017885089,13.4771595,182.0220765,0.019128674,0.021322026,0.022428505,0.024346926,0.026394022,0.027973598,0.045267053,awE5000000aaE500000C2245dRatio0.25Case,500000,FALSE
0,0.619828086,0.00134448,0.001333802,0.009097544,0.006917296,0.00021,8674,500000,500000,0.0012,0.18,1.00E-05,0.00826092,0.147764817,2.273699999,9.938120998,0.000732649,0.000995262,0.001171082,0.001707615,0.002514042,0.003181609,0.007886818,awE500000aaE500000C8674dRatio0.35Case,253000,TRUE
0,0.619828086,0.00134448,0.001333802,0.009097544,0.006917296,0.00021,8674,5000000,50000,0.0012,0.18,1.00E-05,0.392351002,0.777391553,19.82667351,537.8168602,0.004919454,0.006610396,0.007492391,0.009246123,0.011001518,0.012252713,0.022230249,awE50000aaE5000000C8674dRatio0.35Case,500000,FALSE
0,0.619828086,0.00134448,0.001333802,0.009097544,0.006917296,0.00015,8674,500000,5000000,0.0012,0.18,1.00E-05,0.490451008,0.778186679,18.12255669,337.433673,0.011184767,0.012492723,0.01301863,0.014127467,0.015300152,0.016131747,0.022841661,awE5000000aaE500000C8674dRatio0.25Case,500000,FALSE
0,0.619828086,0.00134448,0.001333802,0.009097544,0.006917296,0.00021,2245,500000,50000,0.0012,0.18,1.00E-05,0.024223648,0.175145596,2.201159716,9.413633345,0.000585461,0.000761596,0.000972221,0.001972006,0.003445243,0.004493446,0.011396293,awE50000aaE500000C2245dRatio0.35Case,500000,TRUE
0,0.619828086,0.00134448,0.001333802,0.009097544,0.006917296,0.00021,8674,50000,5000000,0.0012,0.18,1.00E-05,0.490451008,1.30300808,6.524642944,46.6421858,0.010544472,0.011916855,0.012477528,0.013666263,0.014933624,0.015752347,0.024099547,awE5000000aaE50000C8674dRatio0.35Case,500000,FALSE
0,0.619828086,0.00134448,0.001333802,0.009097544,0.006917296,0.00015,2245,50000,5000,0.0012,0.18,1.00E-05,0.34365198,0.735356927,29.31557465,894.6350542,0.005590851,0.008658985,0.009816684,0.012078313,0.014295423,0.01574768,0.026465365,awE5000aaE50000C2245dRatio0.25Case,193000,FALSE
0,0.619828086,0.00134448,0.001333802,0.009097544,0.006917296,0.00015,2245,500000,5000,0.0012,0.18,1.00E-05,0.385276318,0.479840666,18.51255798,494.7875787,0.006702765,0.009636542,0.010756737,0.012859326,0.014910744,0.01624872,0.026241434,awE5000aaE500000C2245dRatio0.25Case,150000,FALSE
0,0.619828086,0.00134448,0.001333802,0.009097544,0.006917296,0.00015,8674,500000,50000,0.0012,0.18,1.00E-05,0.367676139,0.478264421,45.89363861,2600.092754,0.002312972,0.004229202,0.005012094,0.00653991,0.007983058,0.008902652,0.015599812,awE50000aaE500000C8674dRatio0.25Case,419000,FALSE
0,0.619828086,0.00134448,0.001333802,0.009097544,0.006917296,0.00021,2245,50000,5000,0.0012,0.18,1.00E-05,0.082955442,0.202438101,1.5520854,2.02069891,0.000612195,0.001000285,0.001399403,0.002570314,0.003964702,0.00491048,0.01135245,awE5000aaE50000C2245dRatio0.35Case,500000,FALSE
0,0.619828086,0.00134448,0.001333802,0.009097544,0.006917296,0.00021,2245,5000,500000,0.0012,0.18,1.00E-05,0.001200487,0.050555449,3.738820791,14.26109503,0.000674905,0.000799749,0.000873061,0.001088566,0.001440106,0.001784535,0.006127292,awE500000aaE5000C2245dRatio0.35Case,375000,TRUE
0,0.619828086,0.00134448,0.001333802,0.009097544,0.006917296,0.00021,2245,5000,5000000,0.0012,0.18,1.00E-05,0.490451008,1.100538135,8.202861786,69.42752621,0.019271875,0.021414666,0.022320329,0.024125205,0.026211361,0.027925823,0.045659447,awE5000000aaE5000C2245dRatio0.35Case,500000,FALSE
0,0.619828086,0.00134448,0.001333802,0.009097544,0.006917296,0.00021,8674,5000000,500000,0.0012,0.18,1.00E-05,0.382751077,0.752069175,22.67590523,661.2427054,0.00580005,0.007408141,0.008152405,0.00961412,0.011015803,0.011929344,0.018830142,awE500000aaE5000000C8674dRatio0.35Case,500000,FALSE
0,0.619828086,0.00134448,0.001333802,0.009097544,0.006917296,0.00021,2245,50000,50000,0.0012,0.18,1.00E-05,0.076953962,0.201616734,1.590199947,2.222619629,0.000607332,0.000976964,0.001378207,0.002536566,0.003919367,0.004853404,0.011262185,awE50000aaE50000C2245dRatio0.35Case,500000,FALSE
0,0.619828086,0.00134448,0.001333802,0.009097544,0.006917296,0.00021,8674,50000,500000,0.0012,0.18,1.00E-05,0.00366814,0.163710609,61.31596375,4079.108929,0.000716456,0.000871337,0.000970935,0.001288119,0.001825556,0.002316635,0.006458055,awE500000aaE50000C8674dRatio0.35Case,249000,TRUE
0,0.619828086,0.00134448,0.001333802,0.009097544,0.006917296,0.00021,8674,500000,5000000,0.0012,0.18,1.00E-05,0.490451008,1.261990905,5.858980656,35.32508914,0.010629755,0.01194369,0.012534771,0.013737607,0.015009837,0.015797256,0.023506946,awE5000000aaE500000C8674dRatio0.35Case,500000,FALSE
0,0.619828086,0.00134448,0.001333802,0.009097544,0.006917296,0.00015,2245,5000,5000,0.0012,0.18,1.00E-05,0.329562217,0.534485698,40.92731857,1690.588223,0.006688344,0.009524841,0.010638062,0.012793415,0.01493972,0.016458921,0.028096726,awE5000aaE5000C2245dRatio0.25Case,340000,FALSE
0,0.619828086,0.00134448,0.001333802,0.009097544,0.006917296,0.00021,8674,50000,50000,0.0012,0.18,1.00E-05,0.117316768,0.230617791,1.371095061,1.409182072,0.000572545,0.000770711,0.000925169,0.001403012,0.002069367,0.002564919,0.006402006,awE50000aaE50000C8674dRatio0.35Case,324000,FALSE
0,0.619828086,0.00134448,0.001333802,0.009097544,0.006917296,0.00015,8674,5000000,5000000,0.0012,0.18,1.00E-05,0.490451008,0.55191195,23.00208282,579.9596882,0.011146677,0.012551077,0.013136987,0.014291402,0.015446515,0.016271489,0.024082141,awE5000000aaE5000000C8674dRatio0.25Case,500000,FALSE
0,0.619828086,0.00134448,0.001333802,0.009097544,0.006917296,0.00015,8674,5000,5000000,0.0012,0.18,1.00E-05,0.490451008,0.636627674,26.68941689,723.9481734,0.011237671,0.012489396,0.013047488,0.014136607,0.01529878,0.016112413,0.024562798,awE5000000aaE5000C8674dRatio0.25Case,500000,FALSE
0,0.619828086,0.00134448,0.001333802,0.009097544,0.006917296,0.00015,2245,5000,5000000,0.0012,0.18,1.00E-05,0.490451008,1.017885089,13.4771595,182.0220765,0.019105423,0.021304179,0.022257664,0.024234255,0.026551224,0.028370028,0.042993689,awE5000000aaE5000C2245dRatio0.25Case,500000,FALSE
0,0.619828086,0.00134448,0.001333802,0.009097544,0.006917296,0.00021,8674,5000,5000,0.0012,0.18,1.00E-05,0.137912542,0.24299112,1.301463366,1.154883604,0.000608577,0.000834428,0.001005511,0.001494853,0.002146059,0.002625045,0.006458065,awE5000aaE5000C8674dRatio0.35Case,334000,FALSE
0,0.619828086,0.00134448,0.001333802,0.009097544,0.006917296,0.00021,2245,50000,5000000,0.0012,0.18,1.00E-05,0.490451008,1.100538135,8.202861786,69.42752621,0.019280289,0.021112073,0.021972909,0.024006557,0.026029238,0.027712201,0.0440789,awE5000000aaE50000C2245dRatio0.35Case,500000,FALSE
0,0.619828086,0.00134448,0.001333802,0.009097544,0.006917296,0.00021,2245,5000000,500000,0.0012,0.18,1.00E-05,0.039321698,0.542589664,21.30457687,535.6934831,0.007092225,0.009156039,0.010092294,0.012197277,0.01438408,0.015765618,0.025527401,awE500000aaE5000000C2245dRatio0.35Case,500000,TRUE
0,0.619828086,0.00134448,0.001333802,0.009097544,0.006917296,0.00015,8674,5000,500000,0.0012,0.18,1.00E-05,0.019926401,0.446854353,29.19959068,969.7132237,0.001213827,0.001825323,0.0021779,0.003045163,0.00411479,0.004913032,0.010005106,awE500000aaE5000C8674dRatio0.25Case,280000,TRUE
0,0.619828086,0.00134448,0.001333802,0.009097544,0.006917296,0.00015,8674,5000000,5000,0.0012,0.18,1.00E-05,0.461844146,0.582051218,48.98246765,2488.366159,0.00626434,0.007513225,0.008105202,0.009297885,0.010540786,0.011408698,0.019634997,awE5000aaE5000000C8674dRatio0.25Case,500000,FALSE
0,0.619828086,0.00134448,0.001333802,0.009097544,0.006917296,0.00015,2245,500000,50000,0.0012,0.18,1.00E-05,0.337642372,0.560782313,28.02786064,861.8885362,0.004792215,0.007785351,0.008975567,0.011317755,0.013519123,0.014977212,0.025186742,awE50000aaE500000C2245dRatio0.25Case,198000,FALSE
0,0.619828086,0.00134448,0.001333802,0.009097544,0.006917296,0.00015,8674,5000000,50000,0.0012,0.18,1.00E-05,0.441403449,0.645377159,35.5014801,1429.993259,0.006310318,0.007619347,0.008228414,0.009465353,0.010759542,0.011690039,0.02031232,awE50000aaE5000000C8674dRatio0.25Case,500000,FALSE
0,0.619828086,0.00134448,0.001333802,0.009097544,0.006917296,0.00021,2245,500000,500000,0.0012,0.18,1.00E-05,0.004985452,0.045218159,5.175182819,46.23230697,0.000592565,0.000680357,0.000728172,0.000864395,0.001104604,0.00136555,0.005407926,awE500000aaE500000C2245dRatio0.35Case,375000,TRUE
0,0.619828086,0.00134448,0.001333802,0.009097544,0.006917296,0.00015,8674,5000000,500000,0.0012,0.18,1.00E-05,0.329862148,0.64106071,27.13553619,830.2106054,0.004892677,0.00634052,0.00704409,0.008565202,0.010022652,0.010948076,0.017931185,awE500000aaE5000000C8674dRatio0.25Case,461000,FALSE
0,0.619828086,0.00134448,0.001333802,0.009097544,0.006917296,0.00015,8674,50000,500000,0.0012,0.18,1.00E-05,0.0160117,0.239249036,35.47538757,1429.56866,0.001104487,0.001650191,0.001979045,0.002797258,0.003839372,0.004630728,0.00952119,awE500000aaE50000C8674dRatio0.25Case,269000,TRUE
0,0.619828086,0.00134448,0.001333802,0.009097544,0.006917296,0.00021,8674,500000,5000,0.0012,0.18,1.00E-05,0.119355321,0.497259974,21.28349113,495.0290927,0.000573793,0.000745498,0.000954174,0.00176734,0.002809461,0.003568669,0.008673904,awE5000aaE500000C8674dRatio0.35Case,318000,FALSE
0,0.619828086,0.00134448,0.001333802,0.009097544,0.006917296,0.00021,8674,50000,5000,0.0012,0.18,1.00E-05,0.116290331,0.229386404,1.366113067,1.299244884,0.000568266,0.000740232,0.000871232,0.001290186,0.001885124,0.002336488,0.006007007,awE5000aaE50000C8674dRatio0.35Case,340000,FALSE
0,0.619828086,0.00134448,0.001333802,0.009097544,0.006917296,0.00015,8674,50000,5000000,0.0012,0.18,1.00E-05,0.490451008,0.53932935,24.66423416,652.256813,0.01107678,0.012409807,0.012961373,0.014141724,0.015349703,0.016142724,0.023357029,awE5000000aaE50000C8674dRatio0.25Case,500000,FALSE
0,0.619828086,0.00134448,0.001333802,0.009097544,0.006917296,0.00033,8674,5000000,500000,0.0012,0.18,1.00E-05,0.588551,0.8954513,3.507769346,15.99705414,0.00651656,0.008097702,0.008779727,0.010153842,0.011544364,0.012467975,0.019881239,awE500000aaE5000000C8674dRatio0.55Case,500000,FALSE
0,0.619828086,0.00134448,0.001333802,0.009097544,0.006917296,0.00033,8674,50000,5000,0.0012,0.18,1.00E-05,0.027077848,0.15892605,1.724400997,2.289906943,0.000773526,0.000868152,0.000927448,0.001120962,0.001528192,0.001941682,0.005909417,awE5000aaE50000C8674dRatio0.55Case,230000,TRUE
0,0.619828086,0.00134448,0.001333802,0.009097544,0.006917296,0.00033,8674,500000,500000,0.0012,0.18,1.00E-05,0.007279703,0.06244103,3.422960997,11.50592824,0.000781189,0.000837199,0.000867921,0.000948016,0.001066142,0.001182192,0.003755948,awE500000aaE500000C8674dRatio0.55Case,196000,TRUE
0,0.619828086,0.00134448,0.001333802,0.009097544,0.006917296,0.00033,8674,500000,5000000,0.0012,0.18,1.00E-05,0.392351,0.7868721,10.99302006,173.5753238,0.005346121,0.007967401,0.008906674,0.010522281,0.011915579,0.012795574,0.019619319,awE5000000aaE500000C8674dRatio0.55Case,500000,FALSE
0,0.619828086,0.00134448,0.001333802,0.009097544,0.006917296,0.00027,8674,5000000,5000000,0.0012,0.18,1.00E-05,0.392351,0.84860516,11.78682995,188.3863551,0.009626536,0.010898436,0.011425585,0.012439456,0.01351239,0.01426147,0.022112752,awE5000000aaE5000000C8674dRatio0.45Case,500000,FALSE
0,0.619828086,0.00134448,0.001333802,0.009097544,0.006917296,0.00033,2245,5000,50000,0.0012,0.18,1.00E-05,0.002680366,0.12083569,2.226944208,4.708614036,0.000772739,0.000873488,0.000942355,0.001233486,0.002040884,0.002858086,0.008930935,awE50000aaE5000C2245dRatio0.55Case,478000,TRUE
0,0.619828086,0.00134448,0.001333802,0.009097544,0.006917296,0.00033,2245,5000000,5000,0.0012,0.18,1.00E-05,0.57010007,1.0163107,22.11741447,590.9742674,0.007962744,0.010345896,0.011451698,0.013774047,0.016174025,0.017811723,0.029549603,awE5000aaE5000000C2245dRatio0.55Case,500000,FALSE
0,0.619828086,0.00134448,0.001333802,0.009097544,0.006917296,0.00027,2245,50000,500000,0.0012,0.18,1.00E-05,0.00772467,0.053493388,3.873510599,15.48638997,0.000733977,0.000843136,0.000907697,0.001092967,0.001406689,0.001712395,0.005869356,awE500000aaE50000C2245dRatio0.45Case,390000,TRUE
0,0.619828086,0.00134448,0.001333802,0.009097544,0.006917296,0.00033,2245,500000,50000,0.0012,0.18,1.00E-05,0.004331349,0.06672222,3.349419355,11.43037773,0.000787569,0.000857602,0.000898169,0.001010728,0.001216499,0.001500536,0.007018162,awE50000aaE500000C2245dRatio0.55Case,439000,TRUE
0,0.619828086,0.00134448,0.001333802,0.009097544,0.006917296,0.00027,8674,50000,500000,0.0012,0.18,1.00E-05,0.007803751,0.09272564,2.504089117,5.594766678,0.000681841,0.000750623,0.000791475,0.000903135,0.001089277,0.001289771,0.004277317,awE500000aaE50000C8674dRatio0.45Case,218000,TRUE
0,0.619828086,0.00134448,0.001333802,0.009097544,0.006917296,0.00027,2245,500000,50000,0.0012,0.18,1.00E-05,0.006441274,0.08086792,3.00289607,9.216032408,0.000650813,0.000715892,0.000752449,0.000866265,0.001143606,0.001607904,0.00730067,awE50000aaE500000C2245dRatio0.45Case,500000,TRUE
0,0.619828086,0.00134448,0.001333802,0.009097544,0.006917296,0.00033,8674,5000,5000,0.0012,0.18,1.00E-05,0.030648345,0.16032536,1.74707365,2.419258314,0.000775106,0.000871388,0.000933027,0.001129045,0.001537531,0.001952375,0.005905195,awE5000aaE5000C8674dRatio0.55Case,237000,TRUE
0,0.619828086,0.00134448,0.001333802,0.009097544,0.006917296,0.00033,2245,500000,5000,0.0012,0.18,1.00E-05,0.004569653,0.059972085,3.593141317,13.55765962,0.000786555,0.000858017,0.000896838,0.00100438,0.001194619,0.001453853,0.006820003,awE5000aaE500000C2245dRatio0.55Case,467000,TRUE
0,0.619828086,0.00134448,0.001333802,0.009097544,0.006917296,0.00027,2245,5000,50000,0.0012,0.18,1.00E-05,0.040358014,0.1697211,1.70228076,2.401388235,0.000687408,0.000883141,0.001108282,0.002045665,0.00335531,0.004292242,0.010488227,awE50000aaE5000C2245dRatio0.45Case,500000,FALSE
0,0.619828086,0.00134448,0.001333802,0.009097544,0.006917296,0.00027,8674,50000,50000,0.0012,0.18,1.00E-05,0.03400494,0.16954693,1.685867548,2.215582608,0.000652876,0.000740245,0.000799095,0.00101569,0.001489991,0.001931047,0.005789228,awE50000aaE50000C8674dRatio0.45Case,262000,FALSE
0,0.619828086,0.00134448,0.001333802,0.009097544,0.006917296,0.00027,2245,5000,5000000,0.0012,0.18,1.00E-05,0.35066763,0.84080887,9.049902916,88.25747554,0.013715105,0.015727304,0.016488085,0.018124576,0.019850802,0.021033007,0.033114278,awE5000000aaE5000C2245dRatio0.45Case,500000,FALSE
0,0.619828086,0.00134448,0.001333802,0.009097544,0.006917296,0.00027,2245,5000000,50000,0.0012,0.18,1.00E-05,0.3543971,0.5872193,31.84533882,1048.422194,0.008716915,0.011437735,0.012762678,0.015608885,0.018570101,0.020617935,0.034965011,awE50000aaE5000000C2245dRatio0.45Case,500000,FALSE
0,0.619828086,0.00134448,0.001333802,0.009097544,0.006917296,0.00033,8674,50000,50000,0.0012,0.18,1.00E-05,0.02080468,0.14949815,1.817955613,2.647133995,0.000774513,0.000863194,0.000918486,0.001095167,0.001458091,0.00184204,0.005823266,awE50000aaE50000C8674dRatio0.55Case,237000,TRUE
0,0.619828086,0.00134448,0.001333802,0.009097544,0.006917296,0.00033,8674,5000,50000,0.0012,0.18,1.00E-05,0.02498629,0.15592581,1.762107253,2.415413603,0.000773555,0.000867356,0.000926401,0.001113341,0.001495954,0.001892075,0.005848811,awE50000aaE5000C8674dRatio0.55Case,231000,TRUE
0,0.619828086,0.00134448,0.001333802,0.009097544,0.006917296,0.00033,8674,5000000,5000000,0.0012,0.18,1.00E-05,0.490451,1.272055,12.79799175,186.3556436,0.009354,0.010994746,0.01161841,0.012860228,0.014129591,0.015028807,0.022459713,awE5000000aaE5000000C8674dRatio0.55Case,500000,FALSE
0,0.619828086,0.00134448,0.001333802,0.009097544,0.006917296,0.00027,2245,5000000,500000,0.0012,0.18,1.00E-05,0.0976402,0.5452284,20.27227402,501.1981098,0.007774761,0.009903773,0.010878838,0.012957739,0.015057721,0.016455078,0.026469434,awE500000aaE5000000C2245dRatio0.45Case,500000,TRUE
0,0.619828086,0.00134448,0.001333802,0.009097544,0.006917296,0.00033,2245,5000,500000,0.0012,0.18,1.00E-05,0.003819265,0.051365096,3.712238312,13.78092955,0.000791935,0.000887638,0.000946851,0.00112006,0.001414784,0.001709234,0.005912218,awE500000aaE5000C2245dRatio0.55Case,377000,TRUE
0,0.619828086,0.00134448,0.001333802,0.009097544,0.006917296,0.00033,2245,5000000,50000,0.0012,0.18,1.00E-05,0.5604606,0.8072811,6.524567604,64.24860531,0.008170035,0.010689201,0.011862535,0.014294633,0.016708864,0.018314962,0.030123249,awE50000aaE5000000C2245dRatio0.55Case,500000,FALSE
0,0.619828086,0.00134448,0.001333802,0.009097544,0.006917296,0.00033,8674,500000,5000,0.0012,0.18,1.00E-05,0.005959315,0.085829504,2.823833227,7.647306018,0.00077353,0.000831576,0.000864632,0.000953101,0.001096057,0.001265564,0.004822111,awE5000aaE500000C8674dRatio0.55Case,223000,TRUE
0,0.619828086,0.00134448,0.001333802,0.009097544,0.006917296,0.00033,2245,500000,500000,0.0012,0.18,1.00E-05,0.006767114,0.039053507,4.684101582,22.65394433,0.000801887,0.000875373,0.000915543,0.001022481,0.001189703,0.001359564,0.004828077,awE500000aaE500000C2245dRatio0.55Case,363000,TRUE
0,0.619828086,0.00134448,0.001333802,0.009097544,0.006917296,0.00027,2245,5000,5000,0.0012,0.18,1.00E-05,0.042458504,0.17089632,1.715170622,2.583098434,0.000680554,0.000874668,0.001098514,0.002023663,0.003351386,0.004280409,0.010561752,awE5000aaE5000C2245dRatio0.45Case,500000,FALSE
0,0.619828086,0.00134448,0.001333802,0.009097544,0.006917296,0.00027,8674,5000000,5000,0.0012,0.18,1.00E-05,0.4504584,0.81092554,18.32404518,512.6583831,0.004893463,0.006693293,0.007619232,0.009363235,0.011017209,0.012169538,0.022147865,awE5000aaE5000000C8674dRatio0.45Case,500000,FALSE
0,0.619828086,0.00134448,0.001333802,0.009097544,0.006917296,0.00027,8674,5000000,500000,0.0012,0.18,1.00E-05,0.392351,0.71774673,18.61784172,540.2954546,0.006774125,0.008388686,0.00907646,0.010403907,0.011742987,0.012648013,0.019585804,awE500000aaE5000000C8674dRatio0.45Case,500000,FALSE
0,0.619828086,0.00134448,0.001333802,0.009097544,0.006917296,0.00027,8674,500000,5000000,0.0012,0.18,1.00E-05,0.41305023,0.7976389,10.24096775,129.8765001,0.008955927,0.010145338,0.010656166,0.011697869,0.012776101,0.01349928,0.020056839,awE5000000aaE500000C8674dRatio0.45Case,500000,FALSE
0,0.619828086,0.00134448,0.001333802,0.009097544,0.006917296,0.00027,8674,50000,5000,0.0012,0.18,1.00E-05,0.047475882,0.17958692,1.623490334,2.057894282,0.000657295,0.000752402,0.000819613,0.001075348,0.001597383,0.002057298,0.00588013,awE5000aaE50000C8674dRatio0.45Case,273000,FALSE
0,0.619828086,0.00134448,0.001333802,0.009097544,0.006917296,0.00027,2245,50000,5000000,0.0012,0.18,1.00E-05,0.34352347,0.6644585,11.97058964,172.5074487,0.013599557,0.015671024,0.016520463,0.018210576,0.020002739,0.021287495,0.033435789,awE5000000aaE50000C2245dRatio0.45Case,500000,FALSE
0,0.619828086,0.00134448,0.001333802,0.009097544,0.006917296,0.00033,2245,5000,5000000,0.0012,0.18,1.00E-05,0.196151,0.8287284,15.56206322,294.2544503,0.007517782,0.01154552,0.013179136,0.016050383,0.018588271,0.020169453,0.032070383,awE5000000aaE5000C2245dRatio0.55Case,500000,FALSE
0,0.619828086,0.00134448,0.001333802,0.009097544,0.006917296,0.00027,8674,5000000,50000,0.0012,0.18,1.00E-05,0.490451,0.86924285,7.166098595,83.83009621,0.005129728,0.006974253,0.007850951,0.00949825,0.011119261,0.012291008,0.022565697,awE50000aaE5000000C8674dRatio0.45Case,500000,FALSE
0,0.619828086,0.00134448,0.001333802,0.009097544,0.006917296,0.00033,2245,50000,50000,0.0012,0.18,1.00E-05,0.000830528,0.11507015,2.311508656,5.139451254,0.000772515,0.000866105,0.000928079,0.00116719,0.001879824,0.002666244,0.008826976,awE50000aaE50000C2245dRatio0.55Case,486000,TRUE
0,0.619828086,0.00134448,0.001333802,0.009097544,0.006917296,0.00027,8674,500000,5000,0.0012,0.18,1.00E-05,0.008915203,0.1160024,2.337723494,5.191960073,0.000638015,0.000690985,0.000721257,0.000808825,0.000982091,0.001247909,0.005145401,awE5000aaE500000C8674dRatio0.45Case,247000,TRUE
0,0.619828086,0.00134448,0.001333802,0.009097544,0.006917296,0.00027,2245,5000000,5000000,0.0012,0.18,1.00E-05,0.35054877,0.62217504,13.28242683,207.6857529,0.014212361,0.01608046,0.016894232,0.018642412,0.020437239,0.021681077,0.032653813,awE5000000aaE5000000C2245dRatio0.45Case,500000,FALSE
0,0.619828086,0.00134448,0.001333802,0.009097544,0.006917296,0.00027,2245,500000,5000,0.0012,0.18,1.00E-05,0.007068046,0.103594474,2.555168629,6.377069231,0.000649998,0.000718904,0.000761681,0.000907939,0.001360446,0.002043927,0.007934123,awE5000aaE500000C2245dRatio0.45Case,500000,TRUE
0,0.619828086,0.00134448,0.001333802,0.009097544,0.006917296,0.00033,8674,5000,5000000,0.0012,0.18,1.00E-05,0.392351,0.8798708,17.69167328,363.8370276,0.006062263,0.008566267,0.009436203,0.010969289,0.012323692,0.013211486,0.020141833,awE5000000aaE5000C8674dRatio0.55Case,500000,FALSE
0,0.619828086,0.00134448,0.001333802,0.009097544,0.006917296,0.00027,2245,500000,500000,0.0012,0.18,1.00E-05,0.006867251,0.040948607,4.483715534,20.42633051,0.000691026,0.000759841,0.000798636,0.000904706,0.001088021,0.001290154,0.004987097,awE500000aaE500000C2245dRatio0.45Case,366000,TRUE
0,0.619828086,0.00134448,0.001333802,0.009097544,0.006917296,0.00027,8674,5000,5000000,0.0012,0.18,1.00E-05,0.39254516,0.8342857,14.23161602,253.285117,0.008515413,0.009771866,0.010297375,0.011346892,0.012464417,0.013188117,0.020121924,awE5000000aaE5000C8674dRatio0.45Case,500000,FALSE
0,0.619828086,0.00134448,0.001333802,0.009097544,0.006917296,0.00027,8674,500000,500000,0.0012,0.18,1.00E-05,0.006962021,0.063870795,3.348071814,11.00012206,0.000652814,0.000704833,0.000732868,0.000806943,0.000922272,0.001047059,0.003738645,awE500000aaE500000C8674dRatio0.45Case,197000,TRUE
0,0.619828086,0.00134448,0.001333802,0.009097544,0.006917296,0.00027,8674,5000,5000,0.0012,0.18,1.00E-05,0.050820038,0.18163404,1.622601986,2.020542786,0.000658063,0.000754557,0.000825197,0.001085365,0.001618223,0.002080301,0.005971926,awE5000aaE5000C8674dRatio0.45Case,270000,FALSE
0,0.619828086,0.00134448,0.001333802,0.009097544,0.006917296,0.00027,8674,5000,500000,0.0012,0.18,1.00E-05,0.008667488,0.09646603,2.435806036,5.252075253,0.000686273,0.000757363,0.000799022,0.000916031,0.001119926,0.001340281,0.00440486,awE500000aaE5000C8674dRatio0.45Case,216000,TRUE
0,0.619828086,0.00134448,0.001333802,0.009097544,0.006917296,0.00027,8674,50000,5000000,0.0012,0.18,1.00E-05,0.40239754,0.9072165,10.29329967,127.7001676,0.008971334,0.010191008,0.010709553,0.011744809,0.012844226,0.013571935,0.020576638,awE5000000aaE50000C8674dRatio0.45Case,500000,FALSE
0,0.619828086,0.00134448,0.001333802,0.009097544,0.006917296,0.00033,8674,50000,500000,0.0012,0.18,1.00E-05,0.003384053,0.087133996,2.596678257,6.157639162,0.000764279,0.00083523,0.000875832,0.000988894,0.00117431,0.001372739,0.004426841,awE500000aaE50000C8674dRatio0.55Case,205000,TRUE
0,0.619828086,0.00134448,0.001333802,0.009097544,0.006917296,0.00033,8674,5000000,5000,0.0012,0.18,1.00E-05,0.59173435,0.9687902,5.525918484,56.68678651,0.005362095,0.00716775,0.00796173,0.009567522,0.011145749,0.012235763,0.020678956,awE5000aaE5000000C8674dRatio0.55Case,500000,FALSE
0,0.619828086,0.00134448,0.001333802,0.009097544,0.006917296,0.00033,8674,50000,5000000,0.0012,0.18,1.00E-05,0.392351,0.84103465,20.75049782,583.5775982,0.006233634,0.008797356,0.009663804,0.011204075,0.012549858,0.013425482,0.020469402,awE5000000aaE50000C8674dRatio0.55Case,500000,FALSE
0,0.619828086,0.00134448,0.001333802,0.009097544,0.006917296,0.00027,8674,5000,50000,0.0012,0.18,1.00E-05,0.042877078,0.1743358,1.665786266,2.202889694,0.000655625,0.00074937,0.000814907,0.001052361,0.001556014,0.002009751,0.005886382,awE50000aaE5000C8674dRatio0.45Case,265000,FALSE
0,0.619828086,0.00134448,0.001333802,0.009097544,0.006917296,0.00033,2245,5000000,5000000,0.0012,0.18,1.00E-05,0.294251,0.9191219,11.26304245,150.3217711,0.012191899,0.01577385,0.017008347,0.019448662,0.021836761,0.023367243,0.03573142,awE5000000aaE5000000C2245dRatio0.55Case,500000,FALSE
0,0.619828086,0.00134448,0.001333802,0.009097544,0.006917296,0.00033,8674,500000,50000,0.0012,0.18,1.00E-05,0.005366643,0.076111816,3.084495068,9.24898236,0.000769538,0.000824857,0.000855627,0.000936085,0.001061314,0.001199968,0.004595247,awE50000aaE500000C8674dRatio0.55Case,225000,TRUE
0,0.619828086,0.00134448,0.001333802,0.009097544,0.006917296,0.00033,8674,5000,500000,0.0012,0.18,1.00E-05,0.003932346,0.089087605,2.556209326,6.008985122,0.000763236,0.000834947,0.000876198,0.000990318,0.001177558,0.001377027,0.004391065,awE500000aaE5000C8674dRatio0.55Case,208000,TRUE
0,0.619828086,0.00134448,0.001333802,0.009097544,0.006917296,0.00033,2245,50000,500000,0.0012,0.18,1.00E-05,0.003679853,0.050156806,3.846894979,15.39052867,0.000789222,0.000886492,0.000946495,0.001124518,0.001422507,0.001720548,0.005918575,awE500000aaE50000C2245dRatio0.55Case,391000,TRUE
0,0.619828086,0.00134448,0.001333802,0.009097544,0.006917296,0.00033,2245,50000,5000000,0.0012,0.18,1.00E-05,0.196151,0.6309363,8.408179283,87.03730308,0.005773321,0.009859236,0.011601725,0.014797116,0.01748967,0.01911142,0.030730353,awE5000000aaE50000C2245dRatio0.55Case,500000,FALSE
0,0.619828086,0.00134448,0.001333802,0.009097544,0.006917296,0.00033,8674,5000000,50000,0.0012,0.18,1.00E-05,0.60713285,0.990982,5.686179161,58.37088191,0.005512186,0.007293687,0.008108997,0.009715823,0.011345906,0.012481322,0.021102838,awE50000aaE5000000C8674dRatio0.55Case,500000,FALSE
0,0.619828086,0.00134448,0.001333802,0.009097544,0.006917296,0.00033,2245,5000,5000,0.0012,0.18,1.00E-05,0.002028661,0.1250603,2.19563961,4.507716886,0.000770165,0.000869582,0.000938376,0.001228341,0.002064102,0.002894945,0.008977362,awE5000aaE5000C2245dRatio0.55Case,478000,TRUE
0,0.619828086,0.00134448,0.001333802,0.009097544,0.006917296,0.00027,2245,500000,5000000,0.0012,0.18,1.00E-05,0.35023624,0.68023133,11.39681435,150.9445452,0.01369117,0.015675912,0.016458249,0.018198785,0.020007331,0.021285317,0.032681226,awE5000000aaE500000C2245dRatio0.45Case,500000,FALSE
0,0.619828086,0.00134448,0.001333802,0.009097544,0.006917296,0.00027,2245,50000,5000,0.0012,0.18,1.00E-05,0.05477395,0.18345928,1.602491736,2.134611484,0.00070717,0.000952303,0.001225057,0.002257251,0.003606617,0.00454305,0.010778997,awE5000aaE50000C2245dRatio0.45Case,500000,FALSE
0,0.619828086,0.00134448,0.001333802,0.009097544,0.006917296,0.00033,2245,50000,5000,0.0012,0.18,1.00E-05,0.002160644,0.12183208,2.194228411,4.524119492,0.000771209,0.000869632,0.000934923,0.001205988,0.001979232,0.00275997,0.008869952,awE5000aaE50000C2245dRatio0.55Case,491000,TRUE
0,0.619828086,0.00134448,0.001333802,0.009097544,0.006917296,0.00027,2245,5000,500000,0.0012,0.18,1.00E-05,0.0082178,0.056435235,3.733578205,14.27556507,0.00073655,0.00084665,0.000910182,0.001100447,0.001417271,0.001723339,0.005894479,awE500000aaE5000C2245dRatio0.45Case,391000,TRUE
0,0.619828086,0.00134448,0.001333802,0.009097544,0.006917296,0.00027,2245,50000,50000,0.0012,0.18,1.00E-05,0.029923698,0.16449709,1.776611447,2.717846977,0.000680012,0.000849961,0.001025723,0.001848554,0.003138867,0.004071591,0.010229559,awE50000aaE50000C2245dRatio0.45Case,500000,TRUE
0,0.619828086,0.00134448,0.001333802,0.009097544,0.006917296,0.00027,8674,500000,50000,0.0012,0.18,1.00E-05,0.008195809,0.11018726,2.432374239,5.544142566,0.000638398,0.000690156,0.000719142,0.000800868,0.000956681,0.001189282,0.004964488,awE50000aaE500000C8674dRatio0.45Case,243000,TRUE
0,0.619828086,0.00134448,0.001333802,0.009097544,0.006917296,0.00033,2245,500000,5000000,0.0012,0.18,1.00E-05,0.0980509,0.7362314,16.53190804,326.7014175,0.0050683,0.009073158,0.010881096,0.014184895,0.016905202,0.018590846,0.030316503,awE5000000aaE500000C2245dRatio0.55Case,500000,TRUE
0,0.619828086,0.00134448,0.001333802,0.009097544,0.006917296,0.00033,2245,5000000,500000,0.0012,0.18,1.00E-05,0.490451,0.71284413,4.72546339,37.26296186,0.008547724,0.010610226,0.011523467,0.013498297,0.015541293,0.016945043,0.027286987,awE500000aaE5000000C2245dRatio0.55Case,500000,FALSE
0,0.619828086,0.00134448,0.001333802,0.009097544,0.006917296,0.00027,2245,5000000,5000,0.0012,0.18,1.00E-05,0.32692826,0.58125484,18.87568474,476.6906573,0.008149071,0.01069393,0.012078423,0.015074693,0.018248287,0.020412195,0.035367092,awE5000aaE5000000C2245dRatio0.45Case,500000,FALSE
0,0.619828086,0.00134448,0.001333802,0.009097544,0.006917296,0.00039,2245,5000000,500000,0.0012,0.18,1.00E-05,0.7555025,1.0396037,3.055873871,17.12460302,0.005577009,0.00734557,0.008190769,0.009956068,0.011806896,0.01308503,0.022160922,awE500000aaE5000000C2245dRatio0.65Case,500000,FALSE
0,0.619828086,0.00134448,0.001333802,0.009097544,0.006917296,0.00039,2245,500000,5000,0.0012,0.18,1.00E-05,0.003843232,0.086396165,2.774465799,7.557015752,0.001021872,0.001113162,0.00117159,0.001341303,0.001697271,0.002201595,0.008036537,awE5000aaE500000C2245dRatio0.65Case,435000,TRUE
0,0.619828086,0.00134448,0.001333802,0.009097544,0.006917296,0.00039,8674,500000,5000,0.0012,0.18,1.00E-05,0.005439771,0.10670466,2.365907907,5.177862799,0.001010997,0.001090238,0.001138832,0.001276591,0.001501377,0.001743703,0.005360815,awE5000aaE500000C8674dRatio0.65Case,218000,TRUE
0,0.619828086,0.00134448,0.001333802,0.009097544,0.006917296,0.00039,2245,5000000,5000000,0.0012,0.18,1.00E-05,0.001046964,0.5848543,10.25171185,166.3343694,0.003288145,0.004216796,0.004743888,0.006193688,0.008193786,0.009592224,0.017968593,awE5000000aaE5000000C2245dRatio0.65Case,500000,TRUE
0,0.619828086,0.00134448,0.001333802,0.009097544,0.006917296,0.00039,2245,500000,5000000,0.0012,0.18,1.00E-05,0.15232702,0.90471005,7.367179871,94.84205555,0.004846686,0.006691106,0.007629822,0.009717194,0.012073289,0.013554328,0.02276227,awE5000000aaE500000C2245dRatio0.65Case,500000,TRUE
0,0.619828086,0.00134448,0.001333802,0.009097544,0.006917296,0.00039,2245,50000,50000,0.0012,0.18,1.00E-05,0.003595301,0.11980388,2.166231871,4.282036157,0.001031114,0.001158322,0.001246107,0.001537006,0.002204171,0.002911483,0.00890395,awE50000aaE50000C2245dRatio0.65Case,452000,TRUE
0,0.619828086,0.00134448,0.001333802,0.009097544,0.006917296,0.00045,2245,500000,500000,0.0012,0.18,1.00E-05,0.001158929,0.034892254,4.608428955,22.47463287,0.001230135,0.001326488,0.001384181,0.001538277,0.001760866,0.001970402,0.005799606,awE500000aaE500000C2245dRatio0.75Case,342000,TRUE
0,0.619828086,0.00134448,0.001333802,0.009097544,0.006917296,0.00045,8674,50000,5000000,0.0012,0.18,1.00E-05,0.41505185,0.70739985,3.424083471,24.28745031,0.002503117,0.003277916,0.003819875,0.005169613,0.006549803,0.007395528,0.012225584,awE5000000aaE50000C8674dRatio0.75Case,500000,FALSE
0,0.619828086,0.00134448,0.001333802,0.009097544,0.006917296,0.00039,2245,5000,5000,0.0012,0.18,1.00E-05,0.010078544,0.13267592,1.988374829,3.443578122,0.00103364,0.001173103,0.00127104,0.001626045,0.002448011,0.003240284,0.009289057,awE5000aaE5000C2245dRatio0.65Case,463000,TRUE
0,0.619828086,0.00134448,0.001333802,0.009097544,0.006917296,0.00045,2245,50000,50000,0.0012,0.18,1.00E-05,0.004792383,0.11288662,2.267969608,4.858010285,0.001233979,0.001384449,0.001486353,0.00181427,0.002502846,0.003213632,0.009276135,awE50000aaE50000C2245dRatio0.75Case,451000,TRUE
0,0.619828086,0.00134448,0.001333802,0.009097544,0.006917296,0.00045,2245,500000,50000,0.0012,0.18,1.00E-05,0.003480407,0.08865899,2.703838348,7.310404462,0.001226581,0.00134363,0.001418561,0.001641285,0.002074198,0.002630862,0.00875803,awE50000aaE500000C2245dRatio0.75Case,411000,TRUE
0,0.619828086,0.00134448,0.001333802,0.009097544,0.006917296,0.00039,8674,5000000,50000,0.0012,0.18,1.00E-05,0.7181561,1.080586,3.166464329,14.52105685,0.004224753,0.00591692,0.006704364,0.008208527,0.009680122,0.010664788,0.018226536,awE50000aaE5000000C8674dRatio0.65Case,500000,FALSE
0,0.619828086,0.00134448,0.001333802,0.009097544,0.006917296,0.00045,2245,500000,5000000,0.0012,0.18,1.00E-05,0.14544879,0.5593429,12.09276104,250.6252894,0.002565629,0.003215161,0.003632125,0.004821939,0.006435654,0.00759447,0.014499504,awE5000000aaE500000C2245dRatio0.75Case,500000,FALSE
0,0.619828086,0.00134448,0.001333802,0.009097544,0.006917296,0.00045,8674,5000,500000,0.0012,0.18,1.00E-05,0.000185994,0.07851706,2.778175592,7.327781951,0.00120516,0.001290032,0.001344558,0.001495447,0.00171963,0.001937624,0.005048419,awE500000aaE5000C8674dRatio0.75Case,197000,TRUE
0,0.619828086,0.00134448,0.001333802,0.009097544,0.006917296,0.00039,8674,5000,5000000,0.0012,0.18,1.00E-05,0.4072854,0.92213523,11.3590517,207.2884673,0.004741685,0.006548356,0.007348394,0.00886982,0.010269081,0.011149635,0.01775493,awE5000000aaE5000C8674dRatio0.65Case,500000,FALSE
0,0.619828086,0.00134448,0.001333802,0.009097544,0.006917296,0.00039,8674,5000,500000,0.0012,0.18,1.00E-05,0.001321147,0.09778355,2.317280769,4.744500572,0.001022203,0.001107216,0.001161027,0.001307074,0.001530087,0.001745461,0.00485926,awE500000aaE5000C8674dRatio0.65Case,205000,TRUE
0,0.619828086,0.00134448,0.001333802,0.009097544,0.006917296,0.00045,8674,500000,5000000,0.0012,0.18,1.00E-05,0.490451,0.7740629,5.639972687,91.15101908,0.002447861,0.003289933,0.003842855,0.005167908,0.006486665,0.00729617,0.012296899,awE5000000aaE500000C8674dRatio0.75Case,500000,FALSE
0,0.619828086,0.00134448,0.001333802,0.009097544,0.006917296,0.00039,2245,50000,5000000,0.0012,0.18,1.00E-05,0.20890737,1.0423877,9.856360435,177.6722052,0.005410242,0.007203425,0.008152651,0.010226496,0.012525365,0.014031777,0.023512211,awE5000000aaE50000C2245dRatio0.65Case,500000,FALSE
0,0.619828086,0.00134448,0.001333802,0.009097544,0.006917296,0.00039,8674,50000,500000,0.0012,0.18,1.00E-05,0.000920748,0.09347126,2.408713818,5.265750127,0.001020099,0.001102937,0.001154792,0.001294534,0.001508713,0.001716093,0.004774641,awE500000aaE50000C8674dRatio0.65Case,202000,TRUE
0,0.619828086,0.00134448,0.001333802,0.009097544,0.006917296,0.00039,2245,500000,50000,0.0012,0.18,1.00E-05,0.003065807,0.06921145,3.160776615,10.09091752,0.001016318,0.001103027,0.001157046,0.001308368,0.001575341,0.00191928,0.00762375,awE50000aaE500000C2245dRatio0.65Case,432000,TRUE
0,0.619828086,0.00134448,0.001333802,0.009097544,0.006917296,0.00045,8674,50000,500000,0.0012,0.18,1.00E-05,0.000126973,0.07597278,2.889936924,8.163843984,0.001206207,0.00128902,0.001340776,0.001484401,0.001696342,0.001896978,0.004966272,awE500000aaE50000C8674dRatio0.75Case,197000,TRUE
0,0.619828086,0.00134448,0.001333802,0.009097544,0.006917296,0.00039,8674,5000,5000,0.0012,0.18,1.00E-05,0.022120759,0.1454454,1.897582054,3.015421538,0.001022841,0.001123213,0.001188224,0.001379046,0.001721946,0.002078164,0.006009846,awE5000aaE5000C8674dRatio0.65Case,228000,TRUE
0,0.619828086,0.00134448,0.001333802,0.009097544,0.006917296,0.00045,8674,5000000,5000000,0.0012,0.18,1.00E-05,1.866119,2.034904,2.558900356,27.71470728,0.002052537,0.002461839,0.002653807,0.003085709,0.00358697,0.003968922,0.007223605,awE5000000aaE5000000C8674dRatio0.75Case,500000,FALSE
0,0.619828086,0.00134448,0.001333802,0.009097544,0.006917296,0.00039,8674,500000,500000,0.0012,0.18,1.00E-05,0.00380448,0.060356665,3.31180954,10.62759836,0.001011871,0.00107846,0.001117901,0.001222843,0.001375525,0.001516202,0.004118979,awE500000aaE500000C8674dRatio0.65Case,187000,TRUE
0,0.619828086,0.00134448,0.001333802,0.009097544,0.006917296,0.00039,8674,500000,50000,0.0012,0.18,1.00E-05,0.004556362,0.092520095,2.614233017,6.386675476,0.0010069,0.001081824,0.001127646,0.001253211,0.001450034,0.001659997,0.00512571,awE50000aaE500000C8674dRatio0.65Case,225000,TRUE
0,0.619828086,0.00134448,0.001333802,0.009097544,0.006917296,0.00045,8674,500000,5000,0.0012,0.18,1.00E-05,0.009132672,0.10932162,2.467293501,5.744294876,0.001219294,0.00131411,0.001372955,0.001535403,0.001796821,0.002056453,0.005734779,awE5000aaE500000C8674dRatio0.75Case,221000,TRUE
0,0.619828086,0.00134448,0.001333802,0.009097544,0.006917296,0.00039,8674,50000,5000,0.0012,0.18,1.00E-05,0.019271288,0.14378239,1.91866529,3.23055902,0.001026448,0.00112831,0.001194536,0.001388817,0.001733878,0.002086533,0.006005499,awE5000aaE50000C8674dRatio0.65Case,228000,TRUE
0,0.619828086,0.00134448,0.001333802,0.009097544,0.006917296,0.00045,2245,5000000,5000,0.0012,0.18,1.00E-05,0.85122937,1.1121818,2.171920061,7.013134114,0.0028752,0.00426978,0.004985147,0.006601126,0.008487636,0.009843286,0.019191149,awE5000aaE5000000C2245dRatio0.75Case,500000,FALSE
0,0.619828086,0.00134448,0.001333802,0.009097544,0.006917296,0.00039,8674,5000000,5000,0.0012,0.18,1.00E-05,0.7336604,1.1590573,3.185171604,16.87924384,0.004260452,0.005838694,0.006596569,0.008137744,0.009651041,0.010646267,0.018342845,awE5000aaE5000000C8674dRatio0.65Case,500000,FALSE
0,0.619828086,0.00134448,0.001333802,0.009097544,0.006917296,0.00045,8674,5000000,5000,0.0012,0.18,1.00E-05,0.8283115,1.1901159,2.263259888,8.199046821,0.002791075,0.004183617,0.004882331,0.006396802,0.007946319,0.008911188,0.01606888,awE5000aaE5000000C8674dRatio0.75Case,500000,FALSE
0,0.619828086,0.00134448,0.001333802,0.009097544,0.006917296,0.00045,2245,500000,5000,0.0012,0.18,1.00E-05,0.003526125,0.08771102,2.69701767,7.106931011,0.001225177,0.001340863,0.001417404,0.001643018,0.002101518,0.002678604,0.008799991,awE5000aaE500000C2245dRatio0.75Case,423000,TRUE
0,0.619828086,0.00134448,0.001333802,0.009097544,0.006917296,0.00045,8674,500000,500000,0.0012,0.18,1.00E-05,0.001226986,0.054619867,3.454538822,11.60886612,0.001198178,0.001277098,0.00132182,0.0014416,0.001614045,0.001768827,0.004354544,awE500000aaE500000C8674dRatio0.75Case,183000,TRUE
0,0.619828086,0.00134448,0.001333802,0.009097544,0.006917296,0.00045,8674,5000,5000000,0.0012,0.18,1.00E-05,0.4268648,0.7313281,2.695297956,11.30482398,0.00253417,0.003294849,0.003830337,0.005214825,0.006606217,0.007438637,0.012508143,awE5000000aaE5000C8674dRatio0.75Case,500000,FALSE
0,0.619828086,0.00134448,0.001333802,0.009097544,0.006917296,0.00039,8674,5000000,500000,0.0012,0.18,1.00E-05,0.7268443,1.053552,4.628335953,60.93745301,0.004730997,0.006182302,0.006844938,0.008229629,0.009594806,0.010499165,0.017554746,awE500000aaE5000000C8674dRatio0.65Case,500000,FALSE
0,0.619828086,0.00134448,0.001333802,0.009097544,0.006917296,0.00045,8674,50000,5000,0.0012,0.18,1.00E-05,0.0258499,0.13901293,2.118718624,4.183033661,0.001219852,0.001331679,0.001404426,0.001609946,0.001963188,0.002306035,0.006097495,awE5000aaE50000C8674dRatio0.75Case,227000,TRUE
0,0.619828086,0.00134448,0.001333802,0.009097544,0.006917296,0.00039,8674,500000,5000000,0.0012,0.18,1.00E-05,0.392351,1.0321424,10.30514717,136.8292958,0.004561774,0.006351354,0.007165749,0.008718843,0.010101117,0.010960652,0.01723219,awE5000000aaE500000C8674dRatio0.65Case,500000,FALSE
0,0.619828086,0.00134448,0.001333802,0.009097544,0.006917296,0.00045,2245,5000000,5000000,0.0012,0.18,1.00E-05,1.3338752,1.6585666,2.402821302,15.80849822,0.003596229,0.004861644,0.005507642,0.006905469,0.00843857,0.00950397,0.016481678,awE5000000aaE5000000C2245dRatio0.75Case,500000,FALSE
0,0.619828086,0.00134448,0.001333802,0.009097544,0.006917296,0.00045,8674,5000,50000,0.0012,0.18,1.00E-05,0.021004526,0.13521942,2.185066938,4.633153218,0.001219606,0.001329898,0.001401035,0.001606377,0.00195555,0.00229534,0.006134992,awE50000aaE5000C8674dRatio0.75Case,232000,TRUE
0,0.619828086,0.00134448,0.001333802,0.009097544,0.006917296,0.00039,2245,500000,500000,0.0012,0.18,1.00E-05,0.003563039,0.037025716,4.665562153,22.77485768,0.001026489,0.001110675,0.001159299,0.001288202,0.001480554,0.001661273,0.005262757,awE500000aaE500000C2245dRatio0.65Case,356000,TRUE
0,0.619828086,0.00134448,0.001333802,0.009097544,0.006917296,0.00045,8674,5000000,50000,0.0012,0.18,1.00E-05,0.8156326,1.1713812,4.395473003,40.06464893,0.002901127,0.004211935,0.004875313,0.00635212,0.00784173,0.008756039,0.015589069,awE50000aaE5000000C8674dRatio0.75Case,500000,FALSE
0,0.619828086,0.00134448,0.001333802,0.009097544,0.006917296,0.00045,2245,50000,500000,0.0012,0.18,1.00E-05,7.38E-05,0.057216235,3.426604986,11.93161909,0.001223051,0.001346412,0.00142511,0.001654693,0.002031308,0.002389716,0.007038562,awE500000aaE50000C2245dRatio0.75Case,377000,TRUE
0,0.619828086,0.00134448,0.001333802,0.009097544,0.006917296,0.00045,2245,50000,5000,0.0012,0.18,1.00E-05,0.010610389,0.12840703,2.117562532,4.376907538,0.0012436,0.001405143,0.001516968,0.001896504,0.002719023,0.003494017,0.009648407,awE5000aaE50000C2245dRatio0.75Case,463000,TRUE
0,0.619828086,0.00134448,0.001333802,0.009097544,0.006917296,0.00045,8674,500000,50000,0.0012,0.18,1.00E-05,0.004483155,0.09697043,2.658798695,6.951254943,0.001214057,0.001300181,0.001354861,0.001505029,0.001740633,0.001977163,0.005571514,awE50000aaE500000C8674dRatio0.75Case,216000,TRUE
0,0.619828086,0.00134448,0.001333802,0.009097544,0.006917296,0.00039,8674,5000000,5000000,0.0012,0.18,1.00E-05,0.18766803,0.88395375,9.135487556,136.1218702,0.00325264,0.004367135,0.004985437,0.006432171,0.007895369,0.00878355,0.014704997,awE5000000aaE5000000C8674dRatio0.65Case,500000,FALSE
0,0.619828086,0.00134448,0.001333802,0.009097544,0.006917296,0.00045,2245,5000000,500000,0.0012,0.18,1.00E-05,0.8437608,1.1158173,2.476701736,10.71784105,0.00269891,0.003964747,0.004591201,0.006029082,0.007722882,0.008951515,0.017484645,awE500000aaE5000000C2245dRatio0.75Case,500000,FALSE
0,0.619828086,0.00134448,0.001333802,0.009097544,0.006917296,0.00039,8674,50000,50000,0.0012,0.18,1.00E-05,0.017539654,0.1390034,1.968262315,3.340161728,0.001024071,0.001121499,0.001185265,0.001363832,0.001680084,0.002008303,0.005882832,awE50000aaE50000C8674dRatio0.65Case,233000,TRUE
0,0.619828086,0.00134448,0.001333802,0.009097544,0.006917296,0.00045,2245,5000,5000,0.0012,0.18,1.00E-05,0.010807395,0.13445236,1.997657537,3.592477623,0.001245283,0.001420714,0.001541636,0.001976027,0.002857273,0.003625286,0.009668957,awE5000aaE5000C2245dRatio0.75Case,456000,TRUE
0,0.619828086,0.00134448,0.001333802,0.009097544,0.006917296,0.00045,8674,5000000,500000,0.0012,0.18,1.00E-05,0.79372406,1.0909659,1.878534555,4.914817617,0.002500843,0.003718896,0.004356098,0.00574236,0.007153936,0.00803758,0.014174326,awE500000aaE5000000C8674dRatio0.75Case,500000,FALSE
0,0.619828086,0.00134448,0.001333802,0.009097544,0.006917296,0.00045,2245,5000,5000000,0.0012,0.18,1.00E-05,0.17771971,0.55469334,3.029478788,11.60061303,0.002667638,0.003262552,0.003631435,0.004682908,0.006246064,0.007413325,0.014749991,awE5000000aaE5000C2245dRatio0.75Case,500000,FALSE
0,0.619828086,0.00134448,0.001333802,0.009097544,0.006917296,0.00045,2245,5000,500000,0.0012,0.18,1.00E-05,5.92E-05,0.057951726,3.407483101,12.0078833,0.001224878,0.001343115,0.001420041,0.001648398,0.002018391,0.002379576,0.006990689,awE500000aaE5000C2245dRatio0.75Case,386000,TRUE
0,0.619828086,0.00134448,0.001333802,0.009097544,0.006917296,0.00045,8674,5000,5000,0.0012,0.18,1.00E-05,0.022887437,0.13579255,2.199756861,4.830345297,0.001219321,0.001327305,0.001398908,0.001600266,0.001937608,0.002269763,0.00606924,awE5000aaE5000C8674dRatio0.75Case,234000,TRUE
0,0.619828086,0.00134448,0.001333802,0.009097544,0.006917296,0.00045,2245,50000,5000000,0.0012,0.18,1.00E-05,0.100785226,0.56949204,9.764676094,199.6598495,0.002571953,0.003159781,0.003546971,0.004634169,0.006212647,0.007422156,0.014710905,awE5000000aaE50000C2245dRatio0.75Case,500000,TRUE
0,0.619828086,0.00134448,0.001333802,0.009097544,0.006917296,0.00039,2245,5000000,50000,0.0012,0.18,1.00E-05,0.7283933,1.0941954,9.732453346,187.0322664,0.006215785,0.007973674,0.008797825,0.010642619,0.012658761,0.014010844,0.023814084,awE50000aaE5000000C2245dRatio0.65Case,500000,FALSE
0,0.619828086,0.00134448,0.001333802,0.009097544,0.006917296,0.00039,2245,50000,500000,0.0012,0.18,1.00E-05,0.000378273,0.052116413,3.523158312,12.47747282,0.001031563,0.001140906,0.001212066,0.001417706,0.001767542,0.002116898,0.006607567,awE500000aaE50000C2245dRatio0.65Case,383000,TRUE
0,0.619828086,0.00134448,0.001333802,0.009097544,0.006917296,0.00045,2245,5000,50000,0.0012,0.18,1.00E-05,0.008499089,0.12515596,2.10547924,4.135784929,0.001240659,0.001408059,0.001520113,0.001888986,0.002642271,0.003370656,0.009316595,awE50000aaE5000C2245dRatio0.75Case,468000,TRUE
0,0.619828086,0.00134448,0.001333802,0.009097544,0.006917296,0.00039,2245,5000,500000,0.0012,0.18,1.00E-05,0.00048854,0.054837473,3.557199001,13.02356679,0.001032187,0.001144267,0.001219599,0.001430338,0.00177919,0.002115397,0.00650571,awE500000aaE5000C2245dRatio0.65Case,386000,TRUE
0,0.619828086,0.00134448,0.001333802,0.009097544,0.006917296,0.00039,8674,50000,5000000,0.0012,0.18,1.00E-05,0.40713716,1.016739,9.427164078,136.556775,0.004222143,0.006117294,0.006995525,0.008609232,0.010024933,0.010892464,0.017092108,awE5000000aaE50000C8674dRatio0.65Case,500000,FALSE
0,0.619828086,0.00134448,0.001333802,0.009097544,0.006917296,0.00045,8674,50000,50000,0.0012,0.18,1.00E-05,0.017639231,0.13254538,2.185854197,4.515034957,0.001217735,0.001322247,0.00138978,0.001586807,0.001915011,0.002245686,0.006124093,awE50000aaE50000C8674dRatio0.75Case,226000,TRUE
0,0.619828086,0.00134448,0.001333802,0.009097544,0.006917296,0.00039,2245,5000,50000,0.0012,0.18,1.00E-05,0.00710021,0.12381884,2.168088913,4.429975175,0.001038893,0.001175635,0.001269937,0.001604151,0.002359102,0.003129217,0.009185604,awE50000aaE5000C2245dRatio0.65Case,461000,TRUE
0,0.619828086,0.00134448,0.001333802,0.009097544,0.006917296,0.00045,2245,5000000,50000,0.0012,0.18,1.00E-05,0.8592269,1.1172105,2.030689955,6.108357481,0.002970204,0.004589513,0.005359343,0.007109636,0.009059129,0.010395427,0.020013134,awE50000aaE5000000C2245dRatio0.75Case,500000,FALSE
0,0.619828086,0.00134448,0.001333802,0.009097544,0.006917296,0.00039,8674,5000,50000,0.0012,0.18,1.00E-05,0.024434682,0.14647733,1.920788407,3.17349725,0.001027738,0.001131057,0.001197495,0.001390292,0.001731064,0.002076964,0.005931044,awE50000aaE5000C8674dRatio0.65Case,236000,TRUE
0,0.619828086,0.00134448,0.001333802,0.009097544,0.006917296,0.00039,2245,50000,5000,0.0012,0.18,1.00E-05,0.006309706,0.13145378,2.072734356,3.900360497,0.001036531,0.001170776,0.001267171,0.001607136,0.002417567,0.003213034,0.009411293,awE5000aaE50000C2245dRatio0.65Case,449000,TRUE
0,0.619828086,0.00134448,0.001333802,0.009097544,0.006917296,0.00039,2245,5000000,5000,0.0012,0.18,1.00E-05,0.75217146,1.049519,2.415664196,7.945622255,0.005568978,0.0074669,0.008320286,0.010216331,0.012260004,0.013621099,0.023544761,awE5000aaE5000000C2245dRatio0.65Case,500000,FALSE
0,0.619828086,0.00134448,0.001333802,0.009097544,0.006917296,0.00039,2245,5000,5000000,0.0012,0.18,1.00E-05,0.196151,1.0226642,8.225940704,106.552271,0.005516649,0.007358407,0.008300718,0.010485138,0.012904582,0.014416595,0.023954877,awE5000000aaE5000C2245dRatio0.65Case,500000,TRUE