"challengeID","gpa","grit","materialHardship","eviction","layoff","jobTraining"
1,NA,NA,NA,NA,NA,NA
3,NA,NA,NA,NA,NA,NA
6,NA,3.5,0.0909090909090909,0,0,0
7,2.5,3.25,0,0,0,0
8,NA,NA,NA,NA,NA,NA
9,2.25,4,0.181818181818182,0,0,0
10,3.25,3.25,0.0909090909090909,0,NA,0
13,2.75,4,0.181818181818182,0,0,1
14,3.25,2.75,0.272727272727273,0,1,0
16,2,3.5,0.0909090909090909,0,0,1
18,2.25,3,0,0,1,0
20,NA,3,0,0,0,0
23,2.5,3.25,0,0,0,0
24,3.25,3.5,0.0909090909090909,0,0,1
28,NA,NA,NA,NA,NA,NA
30,3,4,0.0909090909090909,0,1,0
35,3,3,0.181818181818182,0,0,0
36,NA,NA,NA,NA,NA,NA
40,3,3.5,0.0909090909090909,0,NA,0
43,3,3.25,0.272727272727273,0,0,0
45,3,4,0,0,NA,0
46,3.5,4,0,0,0,1
47,3.5,3.25,0,0,NA,0
49,NA,NA,NA,NA,NA,NA
52,3.25,4,0,0,0,0
53,2.75,3.75,0,0,0,0
54,NA,NA,NA,NA,NA,NA
55,NA,3,0.363636363636364,0,0,0
56,NA,NA,NA,NA,NA,NA
57,3,3,0.181818181818182,0,0,0
58,3.25,3.75,0.0909090909090909,0,NA,0
60,2.75,3.5,0,0,0,1
61,4,3.5,0,0,0,0
62,3.25,3.25,0,0,0,0
64,3.75,3,0.0909090909090909,0,0,1
66,3.5,4,0,0,NA,0
67,NA,3.75,0.272727272727273,0,0,0
69,3,2.75,0.181818181818182,0,0,1
70,3.5,2.75,0,0,0,1
72,3.25,2.75,0.272727272727273,0,0,0
73,NA,NA,NA,NA,NA,NA
75,NA,NA,NA,NA,NA,NA
76,NA,NA,NA,NA,NA,NA
79,NA,NA,0.454545454545455,0,1,0
80,2.75,3,0,0,0,0
81,NA,4,0,0,0,0
83,NA,NA,NA,NA,NA,NA
84,2.75,4,0,0,0,0
85,NA,3.5,0.454545454545455,0,NA,1
87,NA,3.75,0,0,0,0
91,NA,NA,NA,NA,NA,NA
93,2.5,3.75,0,0,0,0
94,NA,3.25,0.181818181818182,0,1,1
97,NA,NA,NA,NA,NA,NA
102,NA,NA,NA,NA,NA,NA
104,2.5,3.5,0.181818181818182,0,1,0
107,3.25,3.5,0.181818181818182,0,0,0
109,NA,NA,NA,NA,NA,NA
110,3.25,4,0,0,0,0
111,3.75,3.25,0.545454545454545,1,0,1
119,1.25,3.25,0,0,0,0
120,NA,NA,NA,NA,NA,NA
122,NA,NA,NA,NA,NA,NA
123,2.75,3,0.181818181818182,0,0,0
124,2.5,4,0,0,1,0
125,2.25,2.5,0.181818181818182,0,0,0
126,NA,NA,NA,NA,NA,NA
127,NA,NA,0,0,0,0
131,3.5,3.5,0.0909090909090909,0,0,0
135,NA,2.5,0.181818181818182,0,0,0
137,2.25,3.25,0,0,0,0
143,3.5,4,0,0,NA,0
145,2.5,4,0,0,1,0
148,2.75,3.5,0.181818181818182,0,0,0
152,NA,NA,NA,NA,NA,NA
153,NA,NA,NA,NA,NA,NA
155,NA,NA,NA,NA,NA,NA
162,NA,NA,NA,NA,NA,NA
163,NA,NA,NA,NA,NA,NA
165,1.5,2.75,0.454545454545455,1,0,0
167,3,2.25,0.0909090909090909,0,0,0
168,2.25,4,0.0909090909090909,0,0,0
170,NA,NA,NA,NA,NA,NA
171,NA,NA,NA,NA,NA,NA
172,NA,NA,NA,NA,NA,NA
173,3.25,3.25,0,0,0,0
174,NA,3.5,0,0,0,1
176,NA,NA,NA,NA,NA,NA
178,NA,NA,NA,NA,NA,NA
182,2.5,3.75,0.0909090909090909,0,1,0
183,2.75,3.25,0.454545454545455,1,0,0
185,3,3.5,0.454545454545455,0,NA,0
187,NA,NA,NA,NA,NA,NA
188,3.25,4,0,0,1,0
189,2.5,3.25,0,0,1,1
192,1.5,2.75,0,0,0,0
193,2.5,4,0,0,NA,0
195,NA,NA,NA,NA,NA,NA
196,2.75,4,0.272727272727273,0,0,1
199,3,3.75,0,0,0,0
203,3.25,4,0.0909090909090909,0,1,0
204,2.25,4,0.0909090909090909,0,NA,0
205,NA,2.5,0.272727272727273,0,0,0
207,NA,NA,NA,NA,NA,NA
208,4,3.5,0.0909090909090909,0,0,0
209,NA,NA,NA,NA,NA,NA
215,NA,NA,NA,NA,NA,NA
217,NA,NA,NA,NA,NA,NA
218,2.25,3.75,0.272727272727273,0,1,0
219,NA,NA,NA,NA,NA,NA
221,2,3.5,0.181818181818182,0,0,1
222,NA,NA,NA,NA,NA,NA
223,NA,NA,NA,NA,NA,NA
224,NA,NA,NA,NA,NA,NA
225,2.25,3,0.181818181818182,0,0,0
227,NA,2.75,0,0,0,0
230,2.75,3.25,0,0,0,0
233,NA,NA,NA,NA,NA,NA
234,3.25,3.25,0,0,0,0
235,2.5,3.75,0,0,0,0
236,2.75,4,0.0909090909090909,0,0,0
237,2.5,4,0,0,NA,0
238,3.5,3,0.363636363636364,1,NA,1
241,3.5,3.25,0.181818181818182,0,0,0
242,3,3.5,0,0,0,0
247,NA,2,0,0,0,0
248,2.25,3.5,0.272727272727273,0,0,1
251,3,3.5,0,0,0,0
254,2.5,2.75,0.272727272727273,1,0,0
256,NA,NA,NA,NA,NA,NA
257,1.75,3.75,0.272727272727273,0,0,0
258,NA,NA,NA,NA,NA,NA
259,NA,NA,NA,NA,NA,NA
262,3.75,3.5,0.181818181818182,0,0,1
263,3,4,0.181818181818182,0,0,1
265,NA,NA,NA,NA,NA,NA
266,NA,NA,0,0,0,0
271,3.5,4,0.181818181818182,0,0,0
272,NA,NA,NA,NA,NA,NA
273,NA,NA,NA,NA,NA,NA
279,NA,NA,0,0,0,1
281,3,3.25,0,0,1,0
282,2.5,4,0.272727272727273,0,1,1
283,3.5,4,0,0,0,0
285,3.25,3.75,0,0,0,0
287,NA,1.5,0.727272727272727,0,0,0
289,NA,3,0.0909090909090909,0,1,0
291,NA,NA,NA,NA,NA,NA
292,NA,3.75,0,0,0,0
295,NA,2,0,0,0,0
297,NA,2.75,0.727272727272727,1,1,0
298,NA,NA,NA,NA,NA,NA
299,NA,NA,0,0,0,0
300,1.75,3,0,0,0,1
301,3,4,0,0,0,0
302,2.75,4,0,0,0,0
304,2.25,3.25,0,0,0,0
305,NA,NA,NA,NA,NA,NA
306,NA,3.25,0,0,0,1
309,2.25,3.5,0.0909090909090909,0,1,0
310,3.5,3.75,0,0,0,0
311,NA,NA,NA,NA,NA,NA
314,2.25,3.5,0,0,NA,0
315,3,4,0,0,0,0
317,NA,4,0,0,NA,0
318,3.25,4,0,0,0,0
321,4,4,0,0,0,1
323,NA,NA,NA,NA,NA,NA
324,3.25,4,0.818181818181818,1,0,0
325,2.75,3.75,0,0,0,1
326,NA,NA,NA,NA,NA,NA
330,2.5,3.75,0.363636363636364,0,1,0
331,2.75,3.5,0,0,0,0
332,2.75,3.75,0,0,0,0
334,NA,4,0,0,NA,0
338,1.5,4,0,0,0,0
339,NA,3.25,0.545454545454545,0,1,0
340,3,3.75,0.0909090909090909,0,NA,0
343,NA,NA,NA,NA,NA,NA
344,2.25,4,0.181818181818182,0,1,0
346,NA,NA,NA,NA,NA,NA
347,2.5,2.25,0,0,0,0
348,NA,NA,0,0,1,0
352,NA,3,0.0909090909090909,0,1,0
355,NA,NA,NA,NA,NA,NA
356,2.25,2.25,0.272727272727273,1,0,0
357,NA,NA,NA,NA,NA,NA
359,2.25,3.25,0.545454545454545,1,1,1
365,NA,NA,NA,NA,NA,NA
367,2.25,2.75,0,0,0,0
368,NA,3.5,0.0909090909090909,1,0,1
369,NA,NA,NA,NA,NA,NA
373,2.5,3.75,0,0,0,0
376,2.5,4,0,0,0,0
377,3.25,3.25,0,0,0,0
380,3.75,3.5,0,0,0,0
382,3.75,4,0,0,0,0
386,4,4,0,0,0,0
388,NA,3.5,0,0,0,0
389,NA,NA,NA,NA,NA,NA
391,3.25,3,0,0,0,0
394,2.75,4,0,0,0,1
396,NA,NA,NA,NA,NA,NA
397,NA,NA,NA,NA,NA,NA
399,NA,NA,NA,NA,NA,NA
401,1.75,3.25,0.0909090909090909,0,1,1
403,3,3,0,0,0,0
405,NA,NA,NA,NA,NA,NA
407,NA,3.25,0.181818181818182,0,1,0
408,NA,NA,NA,NA,NA,NA
409,3.25,3,0,0,0,1
411,NA,3.25,0.181818181818182,0,0,0
413,3.5,4,0,0,0,0
417,3,3.75,0,0,0,1
421,NA,NA,NA,NA,NA,NA
423,NA,NA,NA,NA,NA,NA
424,4,4,0,0,0,0
425,NA,3.25,0,0,NA,0
426,1.75,3.25,0.0909090909090909,0,0,0
427,3.25,4,0.181818181818182,0,0,1
429,2.75,4,0.272727272727273,0,NA,0
430,NA,NA,NA,NA,NA,NA
432,NA,3.75,0.454545454545455,1,1,1
435,3,2.75,0,0,0,1
436,1.75,3.5,0.181818181818182,0,0,1
437,4,3.5,0,0,NA,0
440,NA,3.75,0.0909090909090909,0,0,0
441,3.25,1.75,0,0,0,0
442,NA,NA,NA,NA,NA,NA
443,3.5,3.75,0.0909090909090909,0,0,0
445,3,4,0,0,0,0
447,2.25,2,0.0909090909090909,0,0,0
449,2.5,3.5,0.454545454545455,0,1,0
450,NA,NA,NA,NA,NA,NA
453,3.5,3,0,0,0,0
454,3,3,0.0909090909090909,0,1,0
455,NA,NA,NA,NA,NA,NA
459,NA,NA,NA,NA,NA,NA
462,NA,NA,NA,NA,NA,NA
463,NA,NA,NA,NA,NA,NA
464,NA,NA,0,0,0,1
465,NA,NA,NA,NA,NA,NA
466,NA,3,0,0,0,0
471,NA,NA,NA,NA,NA,NA
474,NA,NA,NA,NA,NA,NA
475,NA,NA,NA,NA,NA,NA
477,NA,NA,NA,NA,NA,NA
478,2.5,3.75,0,0,0,0
481,NA,3,0.181818181818182,1,0,0
482,NA,NA,NA,NA,NA,NA
484,NA,NA,NA,NA,NA,NA
485,NA,3.5,0.545454545454545,1,0,0
487,1.75,2.75,0,0,0,0
492,3.25,4,0.0909090909090909,0,0,0
493,NA,NA,NA,NA,NA,NA
496,3.5,3.5,0,0,0,1
497,3.25,3,0,0,0,0
499,3,4,0,0,0,0
501,2.75,4,0.272727272727273,0,NA,0
502,NA,NA,NA,NA,NA,NA
507,NA,3.25,0,0,0,0
508,3.75,4,0.272727272727273,0,1,0
509,2.75,3.75,0.272727272727273,0,0,0
510,NA,3.25,0.363636363636364,0,1,0
511,NA,3.75,0.272727272727273,0,1,1
513,1.5,3,0,0,0,0
514,NA,NA,NA,NA,NA,NA
515,NA,3,0,0,NA,0
517,NA,NA,NA,NA,NA,NA
520,3.75,3.75,0.0909090909090909,0,0,1
522,2,3.5,0.0909090909090909,0,0,0
524,NA,NA,NA,NA,NA,NA
525,4,3,0,0,0,0
528,3.5,3.25,0,0,1,1
529,NA,NA,NA,NA,NA,NA
530,NA,3.5,0.0909090909090909,0,0,0
532,NA,NA,NA,NA,NA,NA
533,NA,NA,NA,NA,NA,NA
534,3.75,4,0,0,0,0
535,NA,NA,NA,NA,NA,NA
536,NA,NA,NA,NA,NA,NA
542,NA,NA,NA,NA,NA,NA
546,NA,NA,NA,NA,NA,NA
548,3.5,4,0,0,1,0
551,NA,NA,NA,NA,NA,NA
555,3,4,0.181818181818182,0,0,0
557,NA,3.5,0,0,0,1
559,4,3.25,0.363636363636364,0,0,1
561,NA,NA,NA,NA,NA,NA
562,2.75,3,0,0,NA,0
563,NA,NA,NA,NA,NA,NA
564,2.75,3.5,0,0,0,0
565,3.5,3.75,0.181818181818182,0,0,0
568,NA,3.75,0.363636363636364,0,NA,0
572,2.75,3.5,0,0,0,0
573,3.5,3.25,0.0909090909090909,0,1,0
575,2.5,3.75,0,0,1,0
576,3.25,3,0,0,1,1
577,3.25,4,0,0,NA,0
578,2.75,3.75,0.181818181818182,0,0,0
579,NA,NA,NA,NA,NA,NA
580,NA,3.25,0.181818181818182,0,0,0
581,NA,NA,NA,NA,NA,NA
582,2.25,3.25,0.454545454545455,0,0,0
584,3,3.25,0,0,0,0
585,2.5,3.25,0,0,0,1
586,3.5,2.75,0,0,0,0
587,3,3.75,0.181818181818182,0,1,1
588,1.25,2.75,0.0909090909090909,0,1,0
590,2.25,2.75,0,0,0,0
591,3.5,3.25,0,0,0,0
592,3.25,3.75,0,0,0,1
594,NA,3.5,0,0,0,1
599,NA,NA,NA,NA,NA,NA
602,3,3.25,0,0,NA,0
604,NA,NA,NA,NA,NA,NA
606,NA,2.5,0.454545454545455,1,0,1
609,NA,NA,NA,NA,NA,NA
610,NA,NA,NA,NA,NA,NA
612,2.5,3.25,0.454545454545455,0,0,0
614,2.25,3.75,0.272727272727273,0,1,0
616,3,3,0.181818181818182,1,0,0
617,3.5,2.5,0,0,1,0
618,3.5,3.75,0.0909090909090909,0,0,0
620,NA,NA,NA,NA,NA,NA
622,3.5,2.5,0,0,0,0
624,3.75,3,0,0,0,0
627,NA,NA,NA,NA,NA,NA
633,3.5,3.25,0,0,0,0
635,3.5,3,0,0,1,1
636,NA,3.25,0.0909090909090909,1,0,1
639,NA,NA,0.0909090909090909,0,0,0
641,NA,NA,NA,NA,NA,NA
643,3.25,4,0,0,0,0
644,2.25,3.25,0,0,0,0
646,NA,NA,NA,NA,NA,NA
647,1.75,4,0,0,0,0
648,3.25,4,0,0,0,0
652,NA,NA,NA,NA,NA,NA
653,1.5,2.25,NA,NA,NA,NA
654,NA,NA,NA,NA,NA,NA
655,NA,3.25,0.454545454545455,0,1,0
656,NA,NA,NA,NA,NA,NA
660,NA,NA,NA,NA,NA,NA
661,3.25,3,0,0,0,0
664,3.75,3.75,0,0,NA,1
666,2.5,3.5,0.0909090909090909,0,0,0
668,NA,3.25,0,0,0,0
671,NA,3.25,0,0,1,0
673,NA,3.25,0.0909090909090909,0,0,0
676,NA,NA,NA,NA,NA,NA
678,3.25,3.25,0.363636363636364,0,0,1
680,3.25,4,0,0,0,0
683,2.25,3.75,0,0,0,0
684,3,3.5,0.0909090909090909,0,0,0
685,2.25,4,0,0,1,0
686,NA,NA,0,0,0,1
687,3,3.5,0,0,0,0
690,3.5,3.25,0,0,0,0
695,NA,NA,NA,NA,NA,NA
696,NA,NA,NA,NA,NA,NA
698,2.25,2.25,0.181818181818182,0,0,0
700,4,3.75,0,0,NA,0
701,3.5,3.5,0,0,0,0
703,NA,NA,NA,NA,NA,NA
707,NA,NA,NA,NA,NA,NA
708,NA,NA,NA,NA,NA,NA
712,NA,3.5,0.0909090909090909,0,0,0
713,3,3.75,0.0909090909090909,0,NA,0
714,2.25,3.25,0,0,0,0
715,3.5,4,0,0,0,0
717,NA,4,0.181818181818182,0,0,1
719,3,4,0,0,0,0
720,3.25,3.25,0.0909090909090909,0,0,0
726,NA,NA,NA,NA,NA,NA
727,NA,NA,0,0,NA,0
728,3,4,0,0,0,1
730,NA,NA,NA,NA,NA,NA
732,NA,NA,0,0,1,0
733,3,3.75,0.454545454545455,1,0,0
738,4,3.75,NA,NA,NA,NA
743,3.5,3.5,0,0,NA,0
744,2.5,3.5,0.181818181818182,0,0,0
748,NA,NA,0.0909090909090909,0,0,1
750,2.25,3.5,0.454545454545455,1,0,0
751,1.75,3.75,0.181818181818182,0,0,0
754,NA,NA,NA,NA,NA,NA
755,2.75,3.25,0,0,0,1
758,NA,NA,NA,NA,NA,NA
759,3.25,2.75,0,0,0,0
760,1.25,3.25,0,0,NA,0
761,3.5,3.5,0.0909090909090909,0,0,0
762,3,2.25,0.0909090909090909,0,0,0
763,NA,NA,NA,NA,NA,NA
766,3.25,3.25,0.727272727272727,1,0,0
772,3,4,0,0,0,0
775,NA,NA,NA,NA,NA,NA
776,2.5,4,0,0,0,1
779,2.25,3.75,0.454545454545455,0,0,0
781,2.25,2.75,0.272727272727273,0,0,0
782,NA,NA,NA,NA,NA,NA
783,2.75,4,0,0,1,1
790,3.25,3.75,0,0,0,0
791,1,3.5,0,0,0,0
793,NA,NA,NA,NA,NA,NA
794,NA,NA,NA,NA,NA,NA
795,4,3.25,0.0909090909090909,0,0,0
797,NA,NA,0,0,1,0
800,NA,NA,NA,NA,NA,NA
801,NA,NA,0,0,0,0
803,NA,2.75,0.181818181818182,0,NA,0
805,2.75,3.25,0,0,0,0
806,3.5,4,0.363636363636364,0,0,0
807,2.25,4,0.272727272727273,0,0,0
808,3.5,3.5,0.272727272727273,0,0,0
809,NA,4,0.272727272727273,0,1,0
811,NA,NA,NA,NA,NA,NA
812,3,4,0.0909090909090909,0,1,1
813,NA,3,0.0909090909090909,0,0,1
814,3.75,3.75,0,0,0,1
816,2.75,3,0,0,0,0
819,NA,NA,NA,NA,NA,NA
820,3.75,4,0,0,0,0
822,NA,NA,NA,NA,NA,NA
823,NA,NA,NA,NA,NA,NA
824,1.5,3.5,0,0,0,0
825,3.5,4,0,0,1,0
828,3,4,0,0,0,0
829,2.5,3.25,0.0909090909090909,0,0,0
830,3.25,4,0.0909090909090909,0,0,0
831,2.25,3,0.181818181818182,0,0,1
833,3.25,2.5,0.545454545454545,1,NA,0
834,3.25,3.75,0,0,0,1
837,2.75,3.25,0.0909090909090909,0,0,1
842,NA,NA,NA,NA,NA,NA
843,2.25,4,0.0909090909090909,0,0,0
846,NA,3.5,0.0909090909090909,0,0,0
848,3.5,4,0,0,0,0
849,NA,NA,NA,NA,NA,NA
852,NA,NA,NA,NA,NA,NA
858,2,4,0.0909090909090909,0,0,1
859,3,3,0,0,0,0
860,NA,2.75,0.0909090909090909,0,0,0
861,2.25,3.75,0.181818181818182,0,1,0
862,NA,NA,0.363636363636364,1,1,0
863,2.5,2.5,0,0,0,0
865,2.75,4,0.0909090909090909,0,0,1
869,2.25,2.75,0,0,0,0
870,NA,NA,NA,NA,NA,NA
872,1.75,3,0.363636363636364,1,0,1
874,2.75,3,0,0,1,1
877,3.25,3.75,0,0,0,0
879,NA,4,0,0,0,1
882,NA,NA,NA,NA,NA,NA
886,NA,3.75,0,0,0,0
887,2.25,2,0.181818181818182,0,0,0
889,NA,NA,NA,NA,NA,NA
893,3.75,3.75,0,0,0,1
894,3.75,4,0,0,0,0
897,NA,3.75,0,0,0,0
899,NA,NA,NA,NA,NA,NA
900,3.5,4,0,0,1,0
901,2.5,3.25,0.545454545454545,1,1,1
904,NA,NA,NA,NA,NA,NA
905,4,4,0.0909090909090909,0,0,0
907,NA,NA,0,0,0,0
911,2.25,3.75,0.0909090909090909,0,0,0
912,2.75,4,0,0,NA,0
914,3.5,3.25,0.0909090909090909,1,0,0
917,3.25,3,0,0,1,0
918,NA,NA,NA,NA,NA,NA
920,NA,NA,NA,NA,NA,NA
922,NA,NA,NA,NA,NA,NA
925,1.75,3,0,1,0,1
928,3.75,3,0.0909090909090909,0,0,0
931,NA,3.5,0.0909090909090909,0,0,0
933,NA,NA,NA,NA,NA,NA
935,NA,NA,NA,NA,NA,NA
936,2.5,3.75,0.181818181818182,0,NA,0
939,3.75,2.75,0,0,0,0
943,3,3.5,0.181818181818182,0,1,1
947,2.75,4,0,0,0,0
948,2.5,2.75,0.0909090909090909,1,0,0
950,3.5,3.5,0,0,1,0
952,2.5,3.75,0.272727272727273,0,0,0
953,NA,3.75,0.0909090909090909,0,NA,0
954,3,3.75,0,0,0,0
955,NA,NA,NA,NA,NA,NA
956,3.75,4,0,0,1,0
958,NA,NA,0,0,0,0
961,3,4,0,0,0,0
962,2.25,3.75,0.0909090909090909,0,0,0
963,NA,2,0,1,0,0
965,4,3,0,0,0,0
966,NA,NA,NA,NA,NA,NA
971,NA,NA,NA,NA,NA,NA
972,2.75,3.25,0.272727272727273,1,0,1
975,3,4,0.272727272727273,0,0,0
976,3,3.5,0.0909090909090909,0,0,1
980,NA,NA,NA,NA,NA,NA
981,2.75,4,0.636363636363636,0,1,0
982,NA,NA,0,0,0,1
983,3.75,4,0,0,0,0
986,NA,NA,NA,NA,NA,NA
991,3.25,3.75,0.181818181818182,0,0,0
993,3.25,3.75,0,0,0,0
994,NA,3.5,0,0,0,0
995,NA,NA,NA,NA,NA,NA
998,NA,NA,NA,NA,NA,NA
1000,NA,3.75,0.181818181818182,0,1,0
1002,2.75,3,0.181818181818182,0,0,0
1003,NA,NA,NA,NA,NA,NA
1004,NA,3,0,0,0,0
1005,3.75,3.25,0.0909090909090909,0,NA,0
1006,3,3.25,0,0,0,0
1007,NA,NA,NA,NA,NA,NA
1008,1.75,3.75,0,0,1,0
1010,3.5,4,0,0,0,0
1011,NA,NA,0.0909090909090909,0,NA,0
1012,1.75,3,0.363636363636364,0,0,0
1013,NA,3.5,0.272727272727273,0,1,1
1014,2.5,3.75,0.0909090909090909,0,0,1
1017,NA,3,0.363636363636364,0,1,0
1018,3.75,4,0,0,0,0
1019,NA,NA,NA,NA,NA,NA
1024,1.5,3.75,0.0909090909090909,0,0,0
1025,NA,NA,NA,NA,NA,NA
1026,NA,NA,0,0,0,0
1028,NA,3.5,0.0909090909090909,0,0,0
1029,2.5,3.5,0.636363636363636,1,1,0
1032,NA,3,0,0,0,0
1034,NA,NA,NA,NA,NA,NA
1035,NA,NA,NA,NA,NA,NA
1039,3,4,0.181818181818182,0,0,0
1043,NA,NA,NA,NA,NA,NA
1044,3.75,3,0,1,NA,0
1045,4,4,0.454545454545455,1,0,0
1049,3.75,3.75,0,0,0,1
1050,NA,NA,NA,NA,NA,NA
1052,NA,NA,NA,NA,NA,NA
1055,NA,NA,NA,NA,NA,NA
1059,3,3.25,0,0,0,0
1060,NA,NA,NA,NA,NA,NA
1062,1.75,2.5,0,0,0,0
1064,NA,NA,NA,NA,NA,NA
1065,3.25,3.25,0.181818181818182,0,0,0
1067,NA,NA,NA,NA,NA,NA
1069,NA,3,0,1,0,1
1070,2.5,3.75,0.636363636363636,1,0,0
1071,NA,3,0,0,0,0
1072,2.25,3.75,0.0909090909090909,0,NA,0
1077,NA,NA,NA,NA,NA,NA
1079,3.75,4,0,0,0,0
1091,3.25,3.5,0,0,0,0
1092,2.5,3,0,0,1,0
1095,2.5,3,0,0,0,0
1097,4,3.75,0,0,0,1
1098,NA,4,0,0,0,0
1103,NA,3.5,0,0,1,0
1104,NA,NA,NA,NA,NA,NA
1105,2.75,3.25,0.0909090909090909,1,1,0
1106,3.75,4,0,0,0,0
1107,NA,NA,NA,NA,NA,NA
1113,NA,NA,NA,NA,NA,NA
1118,3.5,3.5,0.0909090909090909,0,1,0
1119,3.25,3.25,0,0,0,0
1122,2.5,3.5,0.181818181818182,0,1,1
1123,NA,NA,NA,NA,NA,NA
1124,3.5,3,0.272727272727273,0,0,0
1125,NA,NA,NA,NA,NA,NA
1128,NA,NA,NA,NA,NA,NA
1129,NA,NA,NA,NA,NA,NA
1130,3,4,0.181818181818182,1,1,0
1133,NA,NA,NA,NA,NA,NA
1134,NA,3,0,0,0,0
1135,2.75,4,0,0,NA,0
1138,NA,NA,NA,NA,NA,NA
1139,NA,NA,NA,NA,NA,NA
1140,NA,NA,NA,NA,NA,NA
1143,1.5,3,0,0,0,0
1144,3.25,3.25,0,0,0,0
1145,NA,NA,NA,NA,NA,NA
1146,NA,3.75,0.0909090909090909,0,0,1
1147,NA,NA,NA,NA,NA,NA
1149,NA,NA,NA,NA,NA,NA
1152,2.75,3.5,0,0,0,1
1153,NA,NA,NA,NA,NA,NA
1157,2.75,2.75,0.363636363636364,0,0,0
1159,3.5,4,0,0,0,0
1160,NA,NA,NA,NA,NA,NA
1161,NA,3.75,0,0,0,1
1164,1.75,3.5,0,0,1,1
1166,3.5,3.75,0,0,NA,0
1167,4,2.5,0.0909090909090909,0,1,0
1171,NA,NA,NA,NA,NA,NA
1172,3.5,3.5,0.0909090909090909,0,NA,0
1173,NA,NA,NA,NA,NA,NA
1174,NA,NA,NA,NA,NA,NA
1176,2.75,4,0.454545454545455,0,0,1
1177,NA,NA,NA,NA,NA,NA
1178,1.75,4,0,0,0,0
1179,2.75,3.25,0,0,0,0
1181,NA,2.75,0.454545454545455,0,0,0
1183,3,3.25,0,0,0,1
1184,3,3.25,0,0,0,0
1185,3,3.5,0,0,0,1
1189,NA,NA,NA,NA,NA,NA
1193,NA,2.75,0.181818181818182,0,1,0
1194,3.25,3,0,0,0,0
1196,NA,NA,NA,NA,NA,NA
1198,1.5,3,0.0909090909090909,0,1,1
1200,NA,NA,NA,NA,NA,NA
1204,3,3,0,0,0,0
1205,NA,NA,NA,NA,NA,NA
1206,NA,3,0.0909090909090909,0,NA,0
1207,NA,NA,NA,NA,NA,NA
1211,2.25,4,0.0909090909090909,0,0,0
1212,NA,NA,NA,NA,NA,NA
1214,2.5,4,0.636363636363636,0,1,0
1215,2,3.25,0,0,0,1
1219,3.25,3.5,0,0,0,0
1222,2.75,4,0,0,0,0
1223,2,4,0.0909090909090909,0,NA,0
1225,3,2.75,0,0,0,0
1226,NA,NA,NA,NA,NA,NA
1228,NA,4,0,0,0,0
1229,NA,3.75,0,0,0,0
1231,1.75,3.25,NA,NA,NA,NA
1232,2,3,0,0,0,0
1234,3.75,4,0,0,0,1
1238,4,3.5,0,0,NA,0
1246,2,3.25,0,0,0,0
1248,2.75,3.5,0,0,0,0
1250,2.5,3.25,0,0,0,0
1251,NA,NA,NA,NA,NA,NA
1252,2.75,3,0.454545454545455,1,0,0
1253,3.25,3.5,0.545454545454545,1,1,0
1254,NA,4,0,0,0,0
1255,3,3.25,0.181818181818182,0,1,1
1256,4,4,0,0,0,0
1258,3,3.25,0.181818181818182,0,1,0
1259,3,3.25,0,0,0,0
1266,NA,3,0,0,NA,0
1275,NA,NA,NA,NA,NA,NA
1276,3.25,2.75,0,0,0,0
1277,NA,NA,NA,NA,NA,NA
1279,NA,NA,NA,NA,NA,NA
1280,3,3,0.181818181818182,0,0,1
1282,3,3,0,0,0,0
1284,NA,3.25,0,0,0,0
1286,3.5,3.5,0,0,NA,0
1288,NA,NA,NA,NA,NA,NA
1289,1.75,4,0.0909090909090909,0,0,0
1297,NA,4,0.636363636363636,0,0,0
1298,3.25,3.25,0.272727272727273,0,0,0
1301,3.25,3.25,0,0,0,0
1303,3.25,4,0,0,0,1
1304,2.25,3.75,0.0909090909090909,0,1,0
1305,NA,NA,NA,NA,NA,NA
1306,NA,3.25,0.272727272727273,0,1,1
1307,2,3.25,0.0909090909090909,0,0,1
1308,NA,NA,NA,NA,NA,NA
1310,NA,NA,NA,NA,NA,NA
1312,3.5,2.5,0.454545454545455,1,0,0
1315,NA,NA,NA,NA,NA,NA
1316,NA,NA,NA,NA,NA,NA
1318,NA,NA,NA,NA,NA,NA
1319,1.5,2,0.0909090909090909,0,0,0
1321,NA,NA,NA,NA,NA,NA
1322,NA,NA,NA,NA,NA,NA
1323,2.75,3.75,0,0,0,0
1325,2.5,2.25,0.363636363636364,0,0,0
1326,NA,3.75,0,0,0,0
1329,3.5,4,0,0,0,1
1331,3.25,3,0,0,0,0
1335,NA,NA,NA,NA,NA,NA
1336,3.75,3.75,0,0,0,0
1339,NA,NA,NA,NA,NA,NA
1340,3.25,4,0.0909090909090909,0,0,0
1341,2.75,2.75,0.727272727272727,1,NA,0
1349,2.25,3,0.454545454545455,0,NA,0
1350,2.25,4,0,0,NA,0
1351,NA,NA,NA,NA,NA,NA
1352,2.75,3.25,0,0,1,0
1353,NA,NA,NA,NA,NA,NA
1356,3.75,3.75,0,0,0,1
1358,NA,NA,NA,NA,NA,NA
1359,NA,3,0.545454545454545,0,NA,0
1361,NA,3,0.272727272727273,0,1,0
1362,NA,1.75,0,0,0,0
1363,NA,NA,NA,NA,NA,NA
1365,NA,NA,NA,NA,NA,NA
1366,NA,NA,NA,NA,NA,NA
1367,NA,4,0,0,0,0
1368,NA,NA,NA,NA,NA,NA
1371,1.75,3,0,0,0,0
1372,4,3.75,0,0,0,0
1373,NA,2.75,0,0,0,0
1375,3.25,3.75,0.0909090909090909,0,0,1
1378,2.5,3,0.454545454545455,1,0,0
1382,NA,3.75,0.272727272727273,1,1,0
1383,2,3.75,0.363636363636364,0,0,1
1384,NA,3.5,0,0,0,1
1386,3,4,0,0,0,0
1387,3.25,3.75,0,0,0,0
1388,3,3.25,0.272727272727273,0,0,0
1389,1.75,3,0,0,0,1
1391,3.75,4,0.363636363636364,0,1,0
1394,NA,NA,NA,NA,NA,NA
1395,NA,NA,NA,NA,NA,NA
1398,NA,NA,NA,NA,NA,NA
1402,2.75,3.25,0.636363636363636,1,0,1
1403,2.75,3.25,0.454545454545455,0,1,1
1408,1.75,3.25,0,0,1,0
1410,1.75,3,0,0,NA,0
1411,NA,NA,0,0,1,0
1412,2,2.5,0,0,0,1
1414,NA,NA,NA,NA,NA,NA
1417,NA,NA,NA,NA,NA,NA
1418,3.75,4,0.0909090909090909,0,0,1
1420,1.5,3.75,0.272727272727273,1,NA,0
1421,2.5,4,0.0909090909090909,0,NA,0
1422,NA,NA,NA,NA,NA,NA
1423,NA,NA,0,0,0,0
1425,NA,NA,NA,NA,NA,NA
1426,NA,NA,NA,NA,NA,NA
1430,NA,NA,NA,NA,NA,NA
1432,3.75,3.75,0,0,0,0
1434,3.25,4,0,0,0,0
1435,NA,NA,NA,NA,NA,NA
1436,NA,3.25,0.272727272727273,0,1,1
1442,2.5,3.5,0,0,0,1
1444,3.5,3.75,0,0,0,1
1445,NA,NA,NA,NA,NA,NA
1448,2.75,3,0,0,1,0
1452,2.5,3.5,0.272727272727273,1,1,1
1453,2.5,3,0,0,0,1
1460,3.75,4,0,0,1,0
1462,3.5,3.25,0.0909090909090909,0,0,1
1463,NA,2.75,0,0,NA,0
1465,4,4,0,0,0,0
1467,3.25,4,0.181818181818182,0,NA,0
1468,NA,NA,NA,NA,NA,NA
1469,NA,NA,NA,NA,NA,NA
1471,3,3,0.272727272727273,1,0,0
1473,2.25,3.75,0,0,0,0
1474,2.75,3.5,0.0909090909090909,0,0,1
1475,NA,NA,NA,NA,NA,NA
1476,2.5,3.75,0.272727272727273,0,1,0
1477,4,4,0,0,0,0
1480,2,3.5,0,0,0,0
1483,4,2.5,0.0909090909090909,0,0,0
1484,3,4,0.363636363636364,1,1,0
1485,3,3,0,0,0,0
1486,NA,NA,NA,NA,NA,NA
1487,1.75,2.75,0.363636363636364,0,0,1
1490,1.75,3.25,0,0,0,0
1495,2.25,3.5,0.0909090909090909,0,0,1
1496,NA,3.25,0,0,0,0
1499,2.75,3.25,0.363636363636364,0,0,0
1500,2.25,4,0,0,0,0
1505,3,3.75,0,0,0,0
1506,3.75,4,0,0,0,0
1510,3,2.75,0,0,0,0
1511,NA,NA,0,0,0,0
1514,3.25,3.25,0,1,0,1
1517,NA,NA,NA,NA,NA,NA
1518,2.25,4,0.818181818181818,1,0,0
1521,3.25,4,0,0,0,0
1523,3.25,4,0,0,0,0
1524,NA,NA,NA,NA,NA,NA
1525,NA,NA,NA,NA,NA,NA
1529,NA,NA,NA,NA,NA,NA
1530,3.25,3.75,0.0909090909090909,0,0,0
1533,2.25,2.75,0,0,0,1
1534,2.5,3.25,0.0909090909090909,0,0,1
1535,NA,NA,NA,NA,NA,NA
1537,NA,NA,NA,NA,NA,NA
1538,3,2.5,0,0,0,0
1539,NA,NA,NA,NA,NA,NA
1542,NA,3.5,0,0,0,0
1545,1.75,3.25,0.0909090909090909,0,NA,0
1547,3.5,3.25,0,0,1,0
1550,NA,3.25,0,0,0,1
1551,NA,NA,NA,NA,NA,NA
1553,NA,NA,NA,NA,NA,NA
1555,1.5,4,0,0,NA,0
1557,2.75,4,0,0,0,0
1560,NA,NA,NA,NA,NA,NA
1562,NA,3,0.272727272727273,0,0,1
1563,2.75,2.5,0,0,0,0
1564,2.25,3.25,0,0,0,0
1566,3.75,3.25,0,0,0,0
1569,3.5,3.75,0.0909090909090909,0,0,0
1570,NA,NA,NA,NA,NA,NA
1572,1.5,3.25,0.0909090909090909,0,NA,0
1573,3.5,3.75,0,0,0,0
1574,3.5,3.5,0,0,0,0
1576,NA,NA,NA,NA,NA,NA
1578,NA,NA,NA,NA,NA,NA
1580,NA,NA,NA,NA,NA,NA
1583,NA,2.25,0,0,0,1
1584,3,4,0,0,0,0
1585,NA,NA,NA,NA,NA,NA
1588,3.5,3.75,0.0909090909090909,0,0,1
1590,3.5,3,0.0909090909090909,0,1,1
1592,3.5,4,0.181818181818182,0,0,0
1593,3,3.75,0,0,0,0
1594,NA,3,0.363636363636364,0,0,1
1596,NA,3.75,0,0,0,1
1598,NA,NA,NA,NA,NA,NA
1599,NA,NA,NA,NA,NA,NA
1602,3.25,4,0,0,0,0
1603,3.5,3,0.363636363636364,0,0,1
1604,1.5,2.5,0.0909090909090909,0,0,0
1605,2.5,3.5,0,0,0,0
1606,NA,NA,NA,NA,NA,NA
1608,3.5,3.5,0,0,0,0
1611,3,4,0.181818181818182,0,1,0
1612,3.25,3.5,0.181818181818182,0,0,1
1613,NA,NA,NA,NA,NA,NA
1614,NA,NA,NA,NA,NA,NA
1615,NA,NA,NA,NA,NA,NA
1616,NA,2.75,0,0,0,0
1618,NA,NA,NA,NA,NA,NA
1619,NA,3.5,0,0,0,0
1620,4,3.75,0.272727272727273,0,0,1
1621,3,4,0,0,0,0
1622,NA,NA,NA,NA,NA,NA
1624,2.75,4,0.0909090909090909,0,0,0
1626,2.75,3.25,0.454545454545455,0,0,0
1628,2.75,2.75,0,0,0,1
1630,NA,NA,NA,NA,NA,NA
1632,3.25,3.5,0.727272727272727,1,1,0
1633,NA,NA,NA,NA,NA,NA
1634,1.5,3.25,0.0909090909090909,0,0,0
1637,3.75,3.75,0,0,0,1
1638,NA,NA,NA,NA,NA,NA
1639,2.25,3,0,0,0,0
1640,NA,NA,NA,NA,NA,NA
1641,NA,3.75,0,0,NA,1
1642,NA,NA,NA,NA,NA,NA
1643,3,4,0,0,0,0
1646,3.25,3.75,0,0,0,1
1648,3.5,3.5,0.0909090909090909,0,NA,0
1650,NA,3.25,0,0,1,0
1652,2,3,0.272727272727273,0,0,1
1653,NA,NA,NA,NA,NA,NA
1654,3,4,0.272727272727273,1,0,1
1657,3.25,4,NA,0,0,1
1659,NA,NA,NA,NA,NA,NA
1660,2.5,3.25,0.0909090909090909,0,0,1
1663,4,4,0,0,0,0
1664,3.5,4,0,0,0,0
1666,NA,NA,NA,NA,NA,NA
1667,3.25,3,0,0,1,1
1668,NA,NA,NA,NA,NA,NA
1670,3.75,3.5,0.0909090909090909,0,1,0
1675,NA,3,0,0,0,0
1677,3.5,3.5,0.0909090909090909,0,NA,0
1679,2.5,4,0.0909090909090909,0,NA,1
1680,NA,4,0,0,0,0
1682,2,4,0.363636363636364,0,0,0
1686,2,2,0,0,NA,0
1688,2,3.25,0,0,0,0
1690,NA,NA,NA,NA,NA,NA
1691,NA,NA,NA,NA,NA,NA
1692,3,4,0,0,0,0
1696,2.5,4,0,0,NA,0
1699,NA,NA,NA,NA,NA,NA
1701,NA,3.25,0.181818181818182,0,NA,0
1702,3.5,3.75,0,0,0,0
1707,NA,NA,NA,NA,NA,NA
1709,NA,NA,NA,NA,NA,NA
1712,NA,NA,NA,NA,NA,NA
1713,3,3.75,0.454545454545455,0,0,1
1715,NA,3.5,0,0,0,0
1716,NA,NA,NA,NA,NA,NA
1719,NA,NA,NA,NA,NA,NA
1722,NA,NA,NA,NA,NA,NA
1723,2.5,2.75,0,0,0,1
1724,2.25,2.75,0.181818181818182,1,0,0
1726,3.75,3.5,0.0909090909090909,0,NA,0
1729,NA,3.5,0,0,0,0
1732,4,2.75,0,0,0,1
1733,1.75,3.75,0.0909090909090909,0,0,0
1734,NA,3.25,0,0,0,1
1735,3.5,3,0,0,0,0
1737,2.5,3.25,0,0,1,0
1739,3.5,3.25,0,0,0,1
1740,3,3,0,0,0,1
1741,3,4,0,0,0,0
1744,2,3.75,0,0,0,0
1746,3.5,3.25,0.0909090909090909,0,0,0
1750,2.75,3.75,0,0,0,1
1753,1.5,3.75,0.181818181818182,0,1,0
1755,3.25,3.75,0,0,0,1
1756,NA,4,0.0909090909090909,0,0,0
1757,3.25,3.5,0.0909090909090909,0,1,0
1758,NA,NA,NA,NA,NA,NA
1759,NA,NA,NA,NA,NA,NA
1761,2.5,3.5,0.272727272727273,0,0,0
1762,NA,NA,NA,NA,NA,NA
1763,1.5,3.25,0.181818181818182,0,0,0
1765,NA,3.25,0.454545454545455,0,0,0
1771,1.25,3,0.0909090909090909,0,NA,0
1772,2.5,4,0.272727272727273,0,0,0
1774,NA,NA,NA,NA,NA,NA
1776,NA,NA,NA,NA,NA,NA
1783,2,3,0,1,0,0
1784,NA,NA,NA,NA,NA,NA
1786,NA,NA,NA,NA,NA,NA
1788,3,3.25,0.181818181818182,0,0,0
1790,2.75,4,0.272727272727273,0,0,0
1791,NA,3.75,0,0,0,0
1793,2,3.75,0,0,0,0
1795,2.5,3.25,0,0,0,0
1797,NA,NA,NA,NA,NA,NA
1800,NA,2.75,0,0,1,0
1802,NA,NA,NA,NA,NA,NA
1804,3.25,3.5,0,0,0,0
1806,2,4,0,0,0,1
1807,NA,3,0.0909090909090909,0,NA,0
1808,3.75,3.75,0,0,0,0
1809,NA,NA,NA,NA,NA,NA
1810,3.5,3,0.363636363636364,0,1,1
1812,3.25,4,0.272727272727273,1,0,0
1814,2.5,3.75,0.0909090909090909,0,0,1
1815,3,4,0,0,0,0
1816,NA,NA,NA,NA,NA,NA
1817,2.75,3.75,0,0,0,1
1819,NA,NA,0,0,NA,0
1821,2.5,4,0,0,1,0
1822,NA,NA,NA,NA,NA,NA
1824,4,3.5,0,0,0,1
1825,2.25,4,0.181818181818182,0,NA,0
1827,NA,3.25,0,0,NA,0
1829,NA,3.75,0,0,0,0
1831,3.25,4,0,0,0,0
1833,3.25,3,0,0,0,0
1834,NA,NA,0,0,0,1
1835,NA,NA,NA,NA,NA,NA
1838,3,3.5,0,0,0,0
1839,NA,4,0.0909090909090909,0,0,0
1842,NA,NA,NA,NA,NA,NA
1846,2.25,3.5,0.363636363636364,0,0,1
1848,NA,NA,NA,NA,NA,NA
1852,3.25,3.25,0,0,0,0
1859,NA,NA,NA,NA,NA,NA
1860,NA,NA,NA,NA,NA,NA
1863,3,3.5,0.0909090909090909,0,NA,0
1864,NA,NA,NA,NA,NA,NA
1868,NA,3,0.181818181818182,0,0,0
1869,NA,NA,NA,NA,NA,NA
1873,2.25,3.25,0,0,0,0
1874,2.25,3.75,0.181818181818182,0,0,0
1875,3,4,0.181818181818182,0,NA,0
1876,NA,NA,NA,NA,NA,NA
1878,2.75,4,0.0909090909090909,0,1,0
1879,NA,NA,NA,NA,NA,NA
1880,NA,NA,NA,NA,NA,NA
1881,2.75,3,0.0909090909090909,0,0,0
1883,2.75,3,0.181818181818182,0,0,0
1884,NA,NA,NA,NA,NA,NA
1886,1.75,3.25,0.272727272727273,0,1,0
1887,NA,NA,NA,NA,NA,NA
1888,2.75,2.75,0.0909090909090909,0,0,0
1893,3.5,3.25,0,0,0,0
1897,2.25,3,0.0909090909090909,0,0,0
1900,1,3,0,0,0,0
1903,3,3.75,0.454545454545455,0,1,0
1906,1.75,3.5,0,0,1,0
1907,3.25,3.5,0,0,0,0
1909,3.5,3,0.0909090909090909,0,0,0
1911,3.25,3.25,0.0909090909090909,0,NA,1
1912,3.5,3,0.454545454545455,0,0,1
1916,NA,NA,NA,NA,NA,NA
1918,NA,NA,NA,NA,NA,NA
1920,1.75,3,0,0,NA,0
1921,NA,NA,NA,NA,NA,NA
1922,NA,NA,NA,NA,NA,NA
1927,4,3.5,0.0909090909090909,0,1,0
1928,NA,1.5,0,0,0,0
1932,2.25,4,0.272727272727273,0,0,0
1933,2.25,3.25,0.363636363636364,0,0,0
1936,NA,NA,NA,NA,NA,NA
1937,NA,NA,NA,NA,NA,NA
1938,NA,NA,NA,NA,NA,NA
1941,4,2.75,0.0909090909090909,0,1,0
1942,2.25,4,0,0,0,0
1950,NA,NA,NA,NA,NA,NA
1953,2.75,NA,0,0,NA,0
1954,2.25,3.75,0.0909090909090909,0,0,1
1955,NA,3,0.0909090909090909,0,0,0
1957,NA,NA,NA,NA,NA,NA
1958,3.25,3.25,0.272727272727273,1,0,0
1960,NA,NA,NA,NA,NA,NA
1965,1.75,4,0.454545454545455,0,0,1
1968,NA,NA,NA,NA,NA,NA
1969,NA,NA,NA,NA,NA,NA
1970,2.5,3.75,0.0909090909090909,0,0,1
1972,NA,NA,NA,NA,NA,NA
1978,4,3.5,0,0,0,0
1980,NA,NA,NA,NA,NA,NA
1981,3,3,0,0,0,0
1992,2.75,3.5,0,0,0,0
1993,NA,NA,NA,NA,NA,NA
1995,NA,3.25,0,0,0,0
2001,NA,NA,NA,NA,NA,NA
2002,NA,NA,NA,NA,NA,NA
2006,3.25,4,0,0,0,0
2007,NA,NA,NA,NA,NA,NA
2008,NA,NA,NA,NA,NA,NA
2012,3.25,3.25,0.363636363636364,0,0,1
2014,3.5,3.75,0,0,NA,0
2015,2,3.25,0.363636363636364,0,0,0
2020,4,3.75,0,0,0,0
2022,NA,NA,NA,NA,NA,NA
2024,2.25,3.25,0,0,0,1
2025,NA,NA,NA,NA,NA,NA
2027,2.5,4,0.0909090909090909,0,0,1
2028,NA,NA,NA,NA,NA,NA
2030,2.75,4,0,0,0,0
2032,3.25,4,0,0,0,0
2033,NA,NA,NA,NA,NA,NA
2034,NA,NA,NA,NA,NA,NA
2035,NA,NA,NA,NA,NA,NA
2036,3.25,3.5,0.363636363636364,0,0,0
2038,2.5,3.25,0.181818181818182,0,0,1
2039,NA,3.5,0,0,0,0
2041,3.25,3.75,0.181818181818182,0,0,1
2045,NA,NA,NA,NA,NA,NA
2052,3.5,4,0,0,0,0
2054,3.25,3.75,0.0909090909090909,0,0,0
2055,NA,NA,NA,NA,NA,NA
2056,3.75,4,0,0,0,0
2058,2.25,3,0,0,1,0
2059,NA,NA,NA,NA,NA,NA
2062,3.5,4,0.454545454545455,0,0,0
2063,NA,NA,NA,NA,NA,NA
2066,1.75,3,0,0,0,1
2067,2.75,3,0.0909090909090909,0,NA,0
2069,1.75,3.75,0,0,NA,0
2070,3.25,4,0,0,0,0
2071,3.25,3.5,0.181818181818182,0,0,1
2073,NA,NA,NA,NA,NA,NA
2075,NA,3.5,0,0,0,0
2076,NA,NA,NA,NA,NA,NA
2077,2.25,2.5,0,0,0,0
2079,2.25,3.75,0.272727272727273,1,0,1
2084,2.25,3.25,0.454545454545455,0,0,1
2092,3.75,4,0,0,NA,0
2094,NA,2.75,0.363636363636364,0,0,1
2095,2.25,2.75,0,0,0,0
2097,NA,NA,NA,NA,NA,NA
2099,3.25,3.25,0,0,0,0
2102,3.5,4,0,0,NA,0
2103,2.5,4,0.454545454545455,0,NA,0
2107,2.5,4,0,0,NA,0
2109,3.5,4,0,0,NA,0
2110,2.75,3.5,0,0,0,0
2111,NA,NA,NA,NA,NA,NA
2114,NA,NA,NA,NA,NA,NA
2115,3.25,3.75,0.0909090909090909,0,0,0
2117,1.75,4,0.272727272727273,0,NA,0
2118,3,3.75,0.0909090909090909,0,1,0
2119,2.75,3.75,0,0,0,0
2120,3.5,3,0,0,0,0
2121,1.75,1.75,0,0,NA,0
2124,3.5,4,0,0,0,0
2126,3.75,3.25,0.0909090909090909,0,0,0
2128,NA,3.75,0,0,0,0
2129,NA,NA,NA,NA,NA,NA
2130,3.5,3.75,0.0909090909090909,0,1,0
2134,NA,2.75,0,0,1,0
2135,NA,NA,NA,NA,NA,NA
2137,NA,3.5,0,0,0,0
2140,1.75,3,0,0,0,0
2141,NA,NA,NA,NA,NA,NA
2142,2.5,3.5,0,0,0,0
2143,NA,NA,NA,NA,NA,NA
2144,NA,NA,NA,NA,NA,NA
2146,NA,NA,NA,NA,NA,NA
2147,NA,NA,NA,NA,NA,NA
2149,3,2.75,0,0,0,1
2150,2.75,3.5,0.363636363636364,0,1,0
2151,3.25,4,0,0,0,0
2157,NA,NA,NA,NA,NA,NA
2160,3,3,0,0,0,0
2162,NA,NA,NA,NA,NA,NA
2165,NA,3.75,0,0,1,0
2166,3.75,2.75,0.181818181818182,0,NA,1
2169,NA,3.75,0.0909090909090909,0,0,1
2171,NA,NA,NA,NA,NA,NA
2174,2.5,3.25,0.0909090909090909,0,0,0
2175,2.5,2.5,0,0,1,0
2177,3.75,3.25,0,0,0,1
2180,3.75,3.5,0,0,NA,0
2181,NA,3.25,0,0,1,0
2182,2,3,0,0,0,0
2184,NA,NA,NA,NA,NA,NA
2185,3,3.75,0.363636363636364,0,1,0
2186,1.75,4,0.0909090909090909,0,0,0
2189,3.5,3.25,0,0,0,0
2190,1.75,3.75,0.0909090909090909,0,NA,0
2193,3.25,3.25,0.181818181818182,0,1,0
2194,NA,NA,NA,NA,NA,NA
2195,NA,NA,NA,NA,NA,NA
2196,NA,NA,NA,NA,NA,NA
2197,1.75,2.75,0.272727272727273,0,0,0
2200,3.75,3.75,0,0,0,0
2203,3,3.5,0.181818181818182,0,0,0
2206,NA,NA,NA,NA,NA,NA
2207,1.5,3,0,0,1,0
2208,NA,NA,NA,NA,NA,NA
2209,4,3.75,0.181818181818182,0,0,0
2213,2.75,3.5,0,0,1,0
2215,1.75,3.75,0.0909090909090909,0,0,0
2216,NA,3.75,0.181818181818182,0,1,0
2217,3,3.5,0.0909090909090909,0,1,0
2221,NA,3,0.272727272727273,0,1,0
2223,NA,NA,NA,NA,NA,NA
2227,3,3.75,0.0909090909090909,0,0,0
2228,2.5,3,0.363636363636364,0,0,0
2232,NA,3,0.0909090909090909,0,0,1
2233,3,3.25,0.363636363636364,0,NA,0
2234,2.75,3.75,0.181818181818182,0,0,0
2235,2.75,3.75,0.454545454545455,0,NA,0
2236,3.25,3.25,0,0,NA,0
2239,2.75,3.5,0,0,0,0
2241,NA,NA,NA,NA,NA,NA
2248,2.75,3.25,0,0,0,1
2249,3.5,3.5,0,0,1,1
2255,NA,4,0.272727272727273,0,1,1
2256,NA,2.25,0,0,0,0
2257,NA,NA,NA,NA,NA,NA
2258,NA,NA,NA,NA,NA,NA
2259,NA,NA,NA,NA,NA,NA
2260,2.75,3,0,0,0,0
2261,NA,NA,NA,NA,NA,NA
2263,NA,NA,NA,NA,NA,NA
2264,NA,NA,NA,NA,NA,NA
2265,2.5,3,0.454545454545455,0,0,0
2266,3.75,3.75,0.454545454545455,0,NA,0
2268,NA,NA,NA,NA,NA,NA
2271,NA,NA,NA,NA,NA,NA
2273,3,3.5,0,0,0,1
2274,4,3.75,0.545454545454545,0,1,1
2279,NA,3,0.0909090909090909,0,NA,0
2283,NA,NA,NA,NA,NA,NA
2285,NA,NA,NA,NA,NA,NA
2287,NA,NA,NA,NA,NA,NA
2289,2,3.75,0,0,0,1
2290,NA,NA,NA,NA,NA,NA
2292,NA,NA,NA,NA,NA,NA
2294,4,4,0,0,0,0
2295,NA,NA,NA,NA,NA,NA
2296,NA,NA,NA,NA,NA,NA
2297,NA,NA,NA,NA,NA,NA
2298,2.5,3.5,0.181818181818182,0,NA,0
2301,NA,NA,NA,NA,NA,NA
2302,2.25,3.25,0.454545454545455,0,0,1
2305,4,3.5,0,0,0,1
2307,NA,NA,NA,NA,NA,NA
2309,NA,NA,NA,NA,NA,NA
2310,4,4,0,0,0,0
2311,NA,NA,NA,NA,NA,NA
2313,NA,NA,NA,NA,NA,NA
2317,2.25,3,0.363636363636364,1,0,0
2321,2.75,3.5,0,0,0,1
2322,2.25,3.25,0.181818181818182,0,0,0
2324,2,3,0,0,0,1
2325,3.25,3.5,0,0,0,0
2326,4,3.75,0,0,0,0
2328,NA,NA,NA,NA,NA,NA
2329,NA,NA,NA,NA,NA,NA
2332,NA,NA,NA,NA,NA,NA
2333,1,3.25,0.0909090909090909,0,0,0
2335,NA,NA,NA,NA,NA,NA
2336,2.75,4,0.181818181818182,0,0,0
2338,NA,1.25,0.181818181818182,0,0,0
2339,2,2.5,0,0,NA,0
2342,NA,NA,NA,NA,NA,NA
2344,NA,NA,NA,NA,NA,NA
2345,NA,NA,NA,NA,NA,NA
2346,2.25,3.25,0.272727272727273,0,0,0
2348,2,3,0,0,0,0
2350,2.5,2.5,0.363636363636364,0,0,0
2351,2.25,3.75,0,0,0,0
2353,NA,NA,NA,NA,NA,NA
2354,NA,NA,NA,NA,NA,NA
2355,NA,NA,NA,NA,NA,NA
2356,NA,NA,NA,NA,NA,NA
2357,3,3,0,0,0,0
2358,1.75,2.75,0.272727272727273,0,0,0
2361,3,3.75,0,0,0,0
2362,2.75,2.5,0.363636363636364,1,1,1
2363,NA,NA,NA,NA,NA,NA
2366,3,3.75,0.272727272727273,0,1,0
2367,NA,NA,NA,NA,NA,NA
2369,2.5,4,0,0,0,1
2370,3,3.25,0,0,1,1
2372,2.25,3.25,0.363636363636364,0,1,1
2373,NA,3,0.0909090909090909,0,0,0
2374,3.5,4,0,0,0,0
2375,NA,NA,NA,NA,NA,NA
2376,3.5,4,0,0,0,1
2379,NA,NA,NA,NA,NA,NA
2380,NA,3.5,0.181818181818182,0,0,0
2382,NA,NA,NA,NA,NA,NA
2383,2,2.5,0,0,0,0
2384,NA,NA,NA,NA,NA,NA
2385,2.75,3.25,0,0,0,0
2386,NA,4,0.636363636363636,1,NA,0
2387,NA,NA,NA,NA,NA,NA
2389,2.25,3.75,0.545454545454545,0,0,0
2395,NA,NA,NA,NA,NA,NA
2397,NA,2.75,0.363636363636364,0,0,0
2398,3.25,2.75,0.0909090909090909,0,0,0
2399,NA,NA,NA,NA,NA,NA
2403,2.75,3.75,0,0,NA,0
2406,3.25,3,0.272727272727273,0,0,0
2407,3.25,3.25,0,0,0,1
2409,NA,3,0.181818181818182,0,0,0
2410,NA,NA,NA,NA,NA,NA
2411,3.25,2.25,0.0909090909090909,0,0,0
2412,2.25,3.75,0.545454545454545,0,0,1
2415,NA,NA,NA,NA,NA,NA
2418,NA,2.75,0,0,0,0
2420,2.5,4,0,0,0,0
2422,2.5,3,0,0,0,1
2423,NA,NA,NA,NA,NA,NA
2424,NA,NA,NA,NA,NA,NA
2426,NA,3.75,0,0,0,0
2427,2.5,3.75,0.272727272727273,0,0,0
2430,3.75,3.75,0,0,1,1
2431,NA,NA,NA,NA,NA,NA
2432,NA,NA,NA,NA,NA,NA
2434,4,3.75,0,0,0,0
2436,4,3.25,0,0,0,0
2438,NA,NA,NA,NA,NA,NA
2439,NA,NA,NA,NA,NA,NA
2441,4,3.5,0,0,0,1
2443,NA,NA,0,0,0,0
2444,NA,NA,NA,NA,NA,NA
2448,2.75,3.25,0,0,0,1
2449,2.75,4,0,0,0,0
2453,3.75,4,0.363636363636364,0,1,1
2455,3.25,4,0.0909090909090909,0,1,1
2456,NA,3.75,0,0,NA,0
2457,NA,NA,NA,NA,NA,NA
2459,NA,NA,NA,NA,NA,NA
2460,1.5,2.5,0.272727272727273,0,0,0
2461,NA,NA,NA,NA,NA,NA
2465,2.25,4,0,0,0,0
2466,NA,NA,NA,NA,NA,NA
2468,2.5,3.75,0.0909090909090909,0,NA,0
2469,NA,3,0.636363636363636,1,0,0
2470,NA,3,0,0,1,0
2473,NA,4,0.0909090909090909,0,NA,0
2476,NA,NA,NA,NA,NA,NA
2477,2,4,0,0,1,0
2479,NA,4,0,0,0,1
2480,NA,NA,NA,NA,NA,NA
2481,3.75,3.5,0,0,NA,0
2483,3.25,2.5,0,0,0,0
2489,2.75,3,0.363636363636364,0,0,0
2490,2.5,3.25,0.181818181818182,0,1,1
2491,2.5,3.25,0,0,0,0
2494,3,3.25,0.0909090909090909,0,0,0
2497,3.75,3.5,0,0,NA,0
2498,NA,NA,NA,NA,NA,NA
2499,NA,NA,NA,NA,NA,NA
2500,NA,4,0,1,1,1
2501,NA,NA,NA,NA,NA,NA
2502,3.75,4,0,0,0,0
2503,3,4,0.0909090909090909,0,0,1
2504,NA,3,0.0909090909090909,0,1,1
2505,2.25,3,0,0,0,1
2507,NA,NA,NA,NA,NA,NA
2508,NA,NA,NA,NA,NA,NA
2512,2.5,4,0,0,0,1
2516,3.25,4,0.363636363636364,0,0,1
2517,NA,3.5,0.0909090909090909,0,1,0
2521,NA,NA,NA,NA,NA,NA
2522,3.25,4,0,0,0,0
2523,2.75,3.75,0.181818181818182,0,0,0
2524,NA,NA,NA,NA,NA,NA
2525,3.25,4,0,0,0,0
2526,2,2.5,0,0,0,0
2527,3.5,3.25,0,0,NA,0
2531,3.25,2.75,0,0,0,0
2533,NA,NA,0,0,0,0
2536,4,4,0.0909090909090909,0,0,0
2537,NA,3.5,0,0,0,0
2540,NA,NA,NA,NA,NA,NA
2541,NA,NA,NA,NA,NA,NA
2542,2.75,3.25,0,0,0,0
2543,3.5,3.5,NA,NA,NA,NA
2544,4,3,0,0,0,0
2545,NA,3,0,0,0,0
2546,2,2.75,0.0909090909090909,1,1,1
2553,NA,NA,NA,NA,NA,NA
2554,NA,NA,NA,NA,NA,NA
2556,3.25,3.5,0.272727272727273,0,1,1
2558,4,3,0,0,0,1
2560,4,4,0,0,0,0
2561,NA,NA,NA,NA,NA,NA
2562,NA,NA,NA,NA,NA,NA
2565,NA,3.75,0.0909090909090909,0,0,1
2567,NA,NA,NA,NA,NA,NA
2569,3,3,0,0,0,0
2570,NA,NA,NA,NA,NA,NA
2571,1.75,3.75,0.454545454545455,0,0,1
2572,4,3.75,0.272727272727273,0,0,0
2576,3.5,3.5,0,0,0,1
2577,NA,NA,NA,NA,NA,NA
2579,2.75,2.75,0,0,0,0
2580,2.5,3.5,0,0,0,0
2583,4,4,0,0,0,0
2585,2.75,2.75,0,0,0,1
2587,3.5,3.25,0,0,0,0
2588,NA,NA,NA,NA,NA,NA
2589,2,3.25,0.363636363636364,0,0,0
2590,2.75,3.75,0,0,0,1
2594,3,4,0,0,0,1
2595,2.75,3.5,0,0,1,1
2596,NA,NA,0,0,0,1
2598,NA,3,0,0,0,0
2604,NA,2,0.181818181818182,0,1,0
2606,NA,NA,NA,NA,NA,NA
2609,2.75,4,0,0,1,0
2610,3.25,4,0,0,0,1
2611,2.25,3.25,0.0909090909090909,0,0,0
2612,2.75,3,0,0,NA,0
2613,NA,NA,NA,NA,NA,NA
2615,2.25,3,0.545454545454545,0,0,0
2620,NA,3,0,0,0,0
2624,NA,NA,NA,NA,NA,NA
2625,3,3.75,0,0,0,0
2628,1.75,3.25,0.545454545454545,0,NA,0
2629,2.25,3.5,0,0,0,0
2630,NA,3.5,0,0,1,0
2631,NA,4,0,0,0,0
2632,NA,NA,NA,NA,NA,NA
2633,NA,NA,NA,NA,NA,NA
2634,2.75,3.5,0,0,0,0
2635,NA,NA,NA,NA,NA,NA
2640,NA,NA,NA,NA,NA,NA
2641,NA,NA,NA,NA,NA,NA
2644,3,4,0,1,1,1
2645,2.75,2,0,0,0,0
2646,3,4,0.0909090909090909,0,0,1
2647,NA,4,0.545454545454545,0,1,1
2649,3.75,3,0.0909090909090909,0,1,1
2651,2.25,3.25,0,0,0,0
2652,3.5,3.5,0.454545454545455,0,1,1
2653,2,3,0.545454545454545,1,NA,0
2655,2.5,3.75,0,0,0,0
2656,4,3.5,0,0,0,0
2657,2.5,3.25,0,0,0,0
2658,4,2.75,0,0,0,1
2660,NA,3.5,0,0,0,0
2661,2.25,3.25,0.0909090909090909,0,NA,0
2664,2.5,3.25,0.363636363636364,0,0,1
2668,2.75,2.25,0,0,1,1
2669,3.5,4,NA,NA,NA,NA
2670,3.25,3.25,0.454545454545455,0,0,1
2674,2,3.25,0,0,NA,0
2675,NA,NA,NA,NA,NA,NA
2678,NA,NA,NA,NA,NA,NA
2679,NA,NA,NA,NA,NA,NA
2681,NA,NA,0.0909090909090909,0,0,0
2683,NA,NA,NA,NA,NA,NA
2684,3.25,3.25,0,0,0,0
2686,NA,3.5,0.454545454545455,0,1,1
2688,NA,NA,NA,NA,NA,NA
2689,4,3,0,0,0,0
2693,1.75,2.25,0.0909090909090909,0,0,0
2695,NA,NA,NA,NA,NA,NA
2696,2.25,3.75,0,0,1,1
2700,NA,NA,NA,NA,NA,NA
2704,NA,NA,NA,NA,NA,NA
2705,2.75,2.5,0,0,0,1
2710,NA,NA,NA,NA,NA,NA
2714,2.75,3.25,0.0909090909090909,0,1,1
2716,NA,NA,NA,NA,NA,NA
2718,NA,NA,NA,NA,NA,NA
2719,3.5,3,0,1,1,0
2721,NA,NA,NA,NA,NA,NA
2723,4,3,0,0,0,1
2725,2.25,3.25,0.272727272727273,0,NA,0
2727,NA,NA,NA,NA,NA,NA
2729,NA,NA,NA,NA,NA,NA
2730,NA,3,0.0909090909090909,0,1,0
2731,3,3.25,0,0,NA,0
2734,3.75,NA,0,0,NA,0
2735,NA,NA,NA,NA,NA,NA
2736,NA,4,0,0,0,0
2742,2,3.25,0.0909090909090909,0,0,1
2743,2.75,4,0,0,0,1
2746,NA,NA,NA,NA,NA,NA
2748,NA,NA,NA,NA,NA,NA
2750,3,4,0.272727272727273,0,NA,0
2751,4,4,0.0909090909090909,0,1,1
2752,NA,NA,NA,NA,NA,NA
2753,2.5,4,0.272727272727273,0,0,1
2755,4,4,0,0,NA,0
2757,3.25,3,0,0,0,0
2759,NA,NA,NA,NA,NA,NA
2762,3,3.75,0,0,1,0
2764,3,3.75,0.181818181818182,0,0,1
2765,NA,NA,NA,NA,NA,NA
2766,NA,NA,NA,NA,NA,NA
2767,2.25,3.25,0.0909090909090909,0,0,0
2768,3.75,3.25,0.181818181818182,0,0,0
2769,2.5,3.25,0,0,0,0
2773,NA,NA,NA,NA,NA,NA
2775,2.5,3.25,0,0,0,1
2776,3.25,4,0,0,0,0
2777,3.5,3.25,0,0,0,0
2778,NA,3.5,0,0,1,0
2783,NA,NA,NA,NA,NA,NA
2785,NA,NA,NA,NA,NA,NA
2786,NA,NA,NA,NA,NA,NA
2787,3.5,3.5,0.454545454545455,0,0,0
2788,1.5,3.25,0.181818181818182,0,1,0
2789,3.25,3.5,0,0,0,0
2792,NA,NA,NA,NA,NA,NA
2796,2.75,4,0,0,0,0
2798,2,4,0.363636363636364,0,NA,0
2799,3.25,4,0,0,0,0
2800,2.5,3,0,0,0,0
2801,2.75,4,0.363636363636364,0,NA,0
2802,NA,NA,NA,NA,NA,NA
2803,3.25,4,0.0909090909090909,0,0,0
2804,NA,NA,NA,NA,NA,NA
2805,3,4,0.0909090909090909,0,0,0
2806,NA,NA,NA,NA,NA,NA
2808,2.5,3.5,0.0909090909090909,0,NA,1
2809,2.5,4,0,0,NA,0
2811,NA,NA,NA,NA,NA,NA
2812,2.75,4,0,0,0,0
2814,NA,NA,NA,NA,NA,NA
2815,NA,NA,NA,NA,NA,NA
2816,NA,4,0,0,0,0
2819,NA,NA,NA,NA,NA,NA
2825,2.25,3,0,0,NA,0
2827,2.5,3.5,0,0,0,0
2830,NA,NA,0,0,NA,0
2833,3,4,0,0,0,0
2835,NA,NA,NA,NA,NA,NA
2836,2.5,4,0,0,0,0
2838,NA,NA,NA,NA,NA,NA
2843,1,3.75,0,0,0,0
2844,3.25,3.25,0,0,NA,0
2845,3.25,4,0.181818181818182,0,0,0
2847,NA,NA,NA,NA,NA,NA
2850,1.25,2,0,0,0,0
2852,2.25,3.25,0,0,NA,0
2853,NA,NA,NA,NA,NA,NA
2855,3.25,4,0,0,0,0
2857,NA,NA,NA,NA,NA,NA
2860,NA,NA,NA,NA,NA,NA
2861,NA,NA,NA,NA,NA,NA
2863,3.25,3.75,0.181818181818182,0,NA,0
2864,3.25,2.5,0.181818181818182,0,NA,0
2865,NA,3.25,0.0909090909090909,0,NA,0
2867,1.5,3.5,0,0,0,1
2869,2.5,3.25,0,0,NA,0
2873,NA,NA,NA,NA,NA,NA
2874,NA,2.75,0.0909090909090909,0,0,0
2875,NA,NA,NA,NA,NA,NA
2877,3.5,3.5,0.0909090909090909,0,1,0
2879,2.75,4,0,0,0,0
2880,NA,NA,NA,NA,NA,NA
2882,3,2.75,0,0,0,0
2884,3.5,3,0.181818181818182,0,0,0
2886,NA,NA,NA,NA,NA,NA
2888,NA,NA,NA,NA,NA,NA
2892,4,4,0,0,0,0
2895,3.75,3,0,0,0,0
2898,NA,3.25,0.0909090909090909,0,1,0
2900,2.5,2.5,0.545454545454545,0,0,1
2901,3,3.75,0,0,0,0
2905,2.25,3.25,0,0,NA,0
2906,3.5,4,0,0,0,0
2907,3.75,3.5,0,0,0,1
2910,2.25,3.25,0.272727272727273,0,0,1
2911,NA,4,0.272727272727273,1,NA,0
2912,3,3.5,0.0909090909090909,0,0,0
2918,2.75,3.25,0.0909090909090909,0,1,0
2920,2.75,3.75,0.545454545454545,1,0,0
2929,1.75,3.25,0,0,0,0
2931,3,3.5,0.0909090909090909,0,1,0
2933,3.25,4,0.0909090909090909,1,0,0
2934,NA,NA,NA,NA,NA,NA
2936,NA,NA,NA,NA,NA,NA
2940,NA,NA,0.181818181818182,0,1,0
2941,NA,NA,0,0,1,0
2943,2,3.75,0.0909090909090909,0,1,0
2946,4,4,0.454545454545455,0,0,1
2947,2.75,4,0,0,0,1
2948,NA,3.25,0.0909090909090909,0,0,0
2952,NA,NA,NA,NA,NA,NA
2954,4,3.5,0,0,NA,0
2957,NA,NA,NA,NA,NA,NA
2958,2,2.75,0,0,0,0
2962,3.25,2,0,0,0,1
2964,2.5,3.25,0.272727272727273,0,1,0
2968,3.5,3,0.0909090909090909,0,NA,1
2970,NA,NA,NA,NA,NA,NA
2971,NA,NA,NA,NA,NA,NA
2972,NA,3,0.0909090909090909,0,0,0
2973,1.75,3,0,0,0,0
2974,2.25,3.5,0.0909090909090909,0,0,0
2975,3.25,3.25,0.181818181818182,0,0,0
2976,NA,NA,NA,NA,NA,NA
2978,NA,NA,NA,NA,NA,NA
2979,NA,NA,NA,NA,NA,NA
2983,2.5,3.75,0,0,1,0
2986,4,4,0,0,NA,0
2987,NA,4,0.272727272727273,0,0,0
2988,NA,3.25,0.0909090909090909,0,NA,0
2989,2.75,2.5,0,0,0,0
2991,1,2.5,0,0,NA,0
2992,NA,NA,NA,NA,NA,NA
2995,NA,NA,NA,NA,NA,NA
2996,NA,NA,NA,NA,NA,NA
2997,NA,NA,0,0,NA,0
2998,2.25,3.25,0.545454545454545,0,1,0
3002,3,3.75,0.0909090909090909,0,1,1
3003,2.75,2.75,0.181818181818182,0,0,1
3005,3.25,3.25,0,0,1,0
3010,3.25,3.5,0.0909090909090909,0,1,0
3011,4,3,0,0,0,0
3012,2.25,4,0,0,0,1
3013,NA,NA,NA,NA,NA,NA
3015,3.75,3.5,0,1,0,0
3017,3.25,4,0,0,0,0
3018,3.25,3.5,0,0,NA,0
3020,NA,3.5,0.0909090909090909,0,NA,0
3022,NA,NA,NA,NA,NA,NA
3023,4,3.75,0.0909090909090909,0,0,0
3025,NA,NA,NA,NA,NA,NA
3026,3.25,3.25,0.454545454545455,0,0,0
3029,2.75,3,0,0,0,0
3030,NA,NA,NA,NA,NA,NA
3032,2.25,4,0.181818181818182,0,0,1
3034,2.25,3,0.0909090909090909,0,1,0
3035,1.75,3,0.272727272727273,0,0,0
3038,1.75,2,0,0,0,0
3039,2,4,0.545454545454545,0,NA,0
3042,2.5,NA,0.181818181818182,0,1,0
3043,NA,3.5,0.454545454545455,1,1,0
3046,NA,3.25,0,0,0,0
3047,2.75,3,0,0,0,0
3049,NA,3,0,0,1,0
3052,2.5,3,0.181818181818182,0,0,0
3053,3.5,3.25,0,0,NA,0
3056,NA,NA,NA,NA,NA,NA
3057,NA,NA,NA,NA,NA,NA
3058,3.5,3,0.181818181818182,0,0,0
3059,1.5,4,0,0,0,0
3061,NA,3.25,0,0,0,0
3063,2.5,3,0,1,0,0
3064,NA,NA,NA,NA,NA,NA
3068,NA,NA,NA,NA,NA,NA
3070,NA,NA,NA,NA,NA,NA
3071,2,3.75,0,0,0,0
3074,3,3.5,0,0,0,0
3076,1.75,2.75,0,0,1,0
3077,2.25,3,0,0,1,0
3078,NA,NA,NA,NA,NA,NA
3080,3.5,4,0,0,0,0
3081,3.75,3,0,0,0,1
3083,2.75,3.5,0.363636363636364,0,NA,1
3084,2.5,4,0,0,0,0
3085,NA,NA,NA,NA,NA,NA
3086,NA,NA,NA,NA,NA,NA
3087,2.75,3,0.181818181818182,0,1,0
3088,2,2.25,0,0,0,0
3089,2.25,3,0.272727272727273,0,1,0
3096,NA,NA,NA,NA,NA,NA
3101,2.5,4,0.363636363636364,0,1,0
3102,2.5,3,0.363636363636364,0,1,0
3103,NA,4,0,NA,0,1
3105,2,4,0,0,NA,0
3106,2.5,3.25,0,0,0,1
3107,1.5,3.25,0.181818181818182,0,0,0
3109,3,3.75,0.454545454545455,0,1,0
3110,NA,3.5,0,1,0,0
3111,NA,NA,NA,NA,NA,NA
3112,NA,NA,NA,NA,NA,NA
3113,3.5,4,0.454545454545455,0,1,1
3116,NA,NA,NA,NA,NA,NA
3117,3,3,0.272727272727273,0,0,1
3121,NA,NA,NA,NA,NA,NA
3126,3.25,3.25,0.454545454545455,0,0,0
3128,NA,NA,NA,NA,NA,NA
3129,NA,NA,NA,NA,NA,NA
3130,NA,4,0.272727272727273,0,0,0
3131,2,3,0,0,0,0
3134,NA,NA,NA,NA,NA,NA
3137,NA,3.25,0,0,0,0
3138,2.5,3.75,0.0909090909090909,0,1,1
3141,2.75,4,0.272727272727273,0,0,1
3143,NA,NA,NA,NA,NA,NA
3144,NA,3.25,0,0,0,1
3148,2.75,4,0,0,0,0
3151,3.5,3,0.0909090909090909,0,0,0
3152,NA,NA,NA,NA,NA,NA
3155,3.75,3,0,0,0,1
3159,3.75,4,0.545454545454545,0,1,0
3160,NA,NA,NA,NA,NA,NA
3161,NA,NA,NA,NA,NA,NA
3162,1.75,2,0.0909090909090909,0,0,0
3166,NA,NA,NA,NA,NA,NA
3167,1.5,3.25,0.636363636363636,1,1,0
3169,NA,NA,NA,NA,NA,NA
3170,2.75,4,0.0909090909090909,0,1,1
3173,NA,NA,NA,NA,NA,NA
3175,2.75,3.25,0.0909090909090909,0,0,0
3177,1.5,3.25,0.0909090909090909,0,1,1
3179,4,4,0,0,0,0
3180,NA,2.25,0.181818181818182,0,0,0
3184,NA,NA,NA,NA,NA,NA
3185,NA,NA,NA,NA,NA,NA
3186,3.25,3.25,0,0,1,1
3190,2,3.25,0,0,0,0
3191,NA,NA,NA,NA,NA,NA
3193,3.5,3.25,0,0,0,0
3196,NA,NA,NA,NA,NA,NA
3198,3.5,3.5,0,0,0,0
3200,2.75,4,0.0909090909090909,0,NA,0
3201,2.5,4,0.181818181818182,0,0,0
3202,3.5,3.5,0,0,NA,0
3204,NA,NA,NA,NA,NA,NA
3206,2.25,3.25,0.0909090909090909,0,0,0
3208,NA,NA,0,0,0,0
3210,NA,NA,NA,NA,NA,NA
3214,NA,NA,NA,NA,NA,NA
3216,NA,NA,NA,NA,NA,NA
3219,2,3.5,0.0909090909090909,0,0,0
3221,NA,3,0,0,1,0
3223,3,3.75,0.363636363636364,0,1,0
3224,3.75,3.25,0,0,1,0
3225,3.25,2.5,0.181818181818182,0,0,1
3226,NA,NA,NA,NA,NA,NA
3230,2.75,3.25,0,0,0,0
3231,3,3.75,0.0909090909090909,0,0,0
3232,1.5,2.5,0,0,1,0
3236,3.25,4,0,0,0,0
3237,2.25,2.25,0,0,NA,0
3238,3,2.75,0.272727272727273,0,NA,0
3239,NA,3.25,0,0,1,0
3241,3,3.25,0,0,0,1
3243,NA,3.5,0.545454545454545,0,1,0
3246,NA,NA,NA,NA,NA,NA
3249,3,3.5,0.181818181818182,0,0,1
3252,2.75,4,0,0,0,0
3254,2.5,3.25,0,0,0,0
3257,NA,NA,NA,NA,NA,NA
3263,2.25,2.75,0.454545454545455,0,0,0
3265,NA,NA,NA,NA,NA,NA
3268,2.25,3.5,0.545454545454545,0,1,1
3270,NA,NA,NA,NA,NA,NA
3271,4,3.25,0,0,0,0
3272,3.25,3.25,0,0,0,0
3273,4,3.75,0.0909090909090909,0,0,0
3274,NA,NA,NA,NA,NA,NA
3277,3.5,3.75,0.272727272727273,0,0,1
3279,4,4,0,0,0,1
3280,NA,4,0,0,0,0
3281,NA,NA,0.363636363636364,0,1,1
3284,NA,NA,NA,NA,NA,NA
3285,4,4,0,0,0,0
3286,4,4,0,0,0,1
3289,2.75,3.25,0.454545454545455,0,1,0
3293,NA,NA,NA,NA,NA,NA
3294,NA,NA,NA,NA,NA,NA
3295,3,4,0.181818181818182,0,0,0
3297,2.5,2.75,0,0,0,0
3298,NA,3.25,0.181818181818182,0,0,1
3299,NA,3.75,NA,NA,1,0
3301,2.25,3.75,0.181818181818182,0,0,0
3303,4,3.25,0,0,NA,0
3304,2,3.25,0.181818181818182,0,NA,0
3307,NA,NA,NA,NA,NA,NA
3308,NA,NA,NA,NA,NA,NA
3311,3,4,0,0,0,0
3313,1.75,3.25,0,0,1,0
3319,1.5,4,0,0,0,0
3323,3,3.75,0.0909090909090909,0,1,0
3325,NA,3.25,0.181818181818182,0,0,0
3328,4,3.5,0.545454545454545,1,1,0
3330,NA,3.5,0,0,0,0
3332,1.5,3.75,0.272727272727273,1,0,1
3334,3,3.5,0,0,0,0
3335,3.5,3,0,0,0,0
3336,NA,NA,NA,NA,NA,NA
3337,NA,NA,NA,NA,NA,NA
3338,NA,NA,NA,NA,NA,NA
3339,1.25,3.25,0.363636363636364,0,NA,1
3340,2.75,4,0,0,0,0
3341,2.5,3.5,0,0,1,0
3343,NA,NA,NA,NA,NA,NA
3344,4,3.75,0,0,0,1
3345,3.25,3,0,0,0,0
3346,3.25,4,0,0,0,1
3347,4,3.5,0,0,0,1
3350,NA,NA,NA,NA,NA,NA
3352,2.5,4,0,0,0,0
3355,2.75,3.25,0.0909090909090909,0,0,1
3356,NA,NA,0.181818181818182,0,0,1
3360,3.5,3.25,0,0,0,0
3361,2.75,3.5,0,0,0,0
3364,NA,NA,NA,NA,NA,NA
3365,NA,4,0.272727272727273,0,1,1
3366,3.5,3,0,0,1,0
3367,3.5,3,0,0,0,0
3370,3,3,0.181818181818182,0,0,0
3371,3,3.25,0.181818181818182,0,0,1
3373,NA,3.5,0,0,0,0
3378,2.5,2.75,0,0,0,0
3382,2.5,3.75,0,0,NA,0
3384,2,3.5,0.454545454545455,0,NA,0
3385,NA,NA,NA,NA,NA,NA
3386,3,3.75,0,0,0,0
3387,NA,4,0,0,0,0
3388,NA,4,0.272727272727273,0,0,1
3389,2.75,4,0.0909090909090909,0,0,1
3390,2.75,3.25,0.272727272727273,0,0,0
3392,NA,3.25,0.272727272727273,0,1,1
3394,2.5,3.75,0.272727272727273,1,1,0
3395,3.75,3.5,0,0,1,1
3396,NA,NA,NA,NA,NA,NA
3397,NA,2.75,0,0,0,1
3398,3.5,4,0.0909090909090909,0,0,0
3399,NA,NA,NA,NA,NA,NA
3400,NA,3.5,0.181818181818182,0,0,1
3401,NA,NA,NA,NA,NA,NA
3402,3.25,3.75,0.272727272727273,0,0,0
3404,NA,NA,NA,NA,NA,NA
3406,3.25,4,0,0,0,1
3407,NA,NA,0.363636363636364,0,NA,1
3408,NA,NA,NA,NA,NA,NA
3411,3.75,3.75,0,0,0,0
3413,3,3,0,0,0,0
3417,NA,NA,NA,NA,NA,NA
3420,2.5,2.75,0,0,0,1
3422,2.25,3.5,0,0,0,0
3423,3.25,3.5,0,0,0,0
3424,3.5,3.25,0,0,0,0
3425,NA,NA,NA,NA,NA,NA
3426,2.5,3.5,0,0,0,0
3430,NA,NA,NA,NA,NA,NA
3433,2.75,3.5,0.272727272727273,0,0,0
3434,3.5,3.75,0,0,0,0
3438,3,3,0,0,NA,0
3440,2.25,2.75,0,0,0,1
3449,2.5,4,0,0,NA,0
3450,3.75,3.5,0.272727272727273,0,1,1
3452,2,2.5,0,0,1,0
3455,2.75,4,0,0,1,0
3457,NA,NA,NA,NA,NA,NA
3459,2.25,4,0,0,1,0
3463,3.5,3.25,0.272727272727273,0,1,0
3466,3.5,4,0,0,0,0
3468,3,2.5,0.181818181818182,0,0,0
3470,2.5,3,0.0909090909090909,0,1,0
3474,NA,4,0,0,0,0
3477,3.25,4,0.0909090909090909,0,NA,0
3478,3.25,2.75,0,0,0,0
3480,NA,NA,NA,NA,NA,NA
3481,2.75,3.75,0,0,0,0
3484,4,4,0,0,0,1
3485,4,3.25,0.727272727272727,1,0,0
3487,NA,NA,NA,NA,NA,NA
3488,1.25,3.25,0.0909090909090909,0,0,0
3492,NA,NA,NA,NA,NA,NA
3493,2.25,3,0,0,0,0
3494,4,4,0.181818181818182,0,0,0
3497,3.75,4,0,0,1,1
3500,NA,3.5,0,0,0,0
3502,NA,NA,NA,NA,NA,NA
3504,3.75,3.75,0.0909090909090909,0,0,1
3507,2.5,3.75,0,0,0,0
3510,NA,NA,NA,NA,NA,NA
3511,NA,NA,NA,NA,NA,NA
3514,NA,NA,NA,NA,NA,NA
3515,NA,NA,NA,NA,NA,NA
3518,NA,NA,NA,NA,NA,NA
3520,2.25,3.25,0.181818181818182,0,1,1
3521,2.5,3,0.272727272727273,1,0,0
3522,2.5,4,0,0,0,0
3524,NA,4,0,0,0,0
3529,NA,4,0,0,NA,0
3530,NA,NA,NA,NA,NA,NA
3534,3.5,3.75,0.0909090909090909,0,1,0
3535,3,3.5,0.181818181818182,0,0,0
3539,3.25,3.25,0,0,0,0
3540,NA,NA,NA,NA,NA,NA
3541,NA,NA,NA,NA,NA,NA
3544,3.75,3.75,0.363636363636364,1,1,0
3545,3.75,4,0,0,0,0
3546,NA,3.25,0.181818181818182,0,1,0
3554,2,3.5,0,0,NA,0
3559,NA,NA,NA,NA,NA,NA
3560,3.5,4,0,0,0,1
3565,NA,2,0,0,0,0
3567,3.5,4,0,0,NA,0
3568,3.5,3.5,0.0909090909090909,0,1,0
3570,NA,NA,NA,NA,NA,NA
3571,NA,4,0.0909090909090909,0,NA,0
3572,3.5,3.5,0.0909090909090909,0,0,0
3573,NA,NA,0,0,0,0
3576,3.25,4,0,0,0,0
3581,2.75,4,0.0909090909090909,0,0,0
3583,NA,NA,NA,NA,NA,NA
3585,2.25,2.75,0.181818181818182,0,0,0
3587,NA,3,0.181818181818182,0,0,0
3589,2.75,4,0.181818181818182,0,0,1
3590,NA,NA,NA,NA,NA,NA
3591,2.75,4,0.0909090909090909,1,0,0
3592,NA,3.25,0.181818181818182,0,NA,0
3594,NA,NA,NA,NA,NA,NA
3596,NA,NA,NA,NA,NA,NA
3602,2,2.25,0.363636363636364,1,NA,0
3605,1.75,2.75,0.0909090909090909,0,0,0
3609,NA,NA,NA,NA,NA,NA
3613,NA,3.75,0.545454545454545,0,0,0
3615,NA,NA,NA,NA,NA,NA
3616,3.25,3.25,0,0,0,1
3618,2.75,3,0.0909090909090909,0,0,0
3620,4,3.5,0,0,0,0
3621,NA,2,0,0,0,0
3623,NA,NA,NA,NA,NA,NA
3625,2.5,4,0,0,1,0
3627,NA,NA,NA,NA,NA,NA
3633,3.25,4,0,0,0,0
3634,3.25,2.75,0.181818181818182,0,0,1
3638,NA,NA,NA,NA,NA,NA
3639,3,3.5,0,0,1,1
3640,3.25,3.5,0,1,0,1
3642,NA,3.25,0,0,1,0
3643,3,3,0.272727272727273,0,0,0
3644,NA,3.25,0,0,NA,0
3645,NA,NA,NA,NA,NA,NA
3649,NA,NA,NA,NA,NA,NA
3650,2,3.25,0.181818181818182,0,0,0
3651,1.5,3.5,0,0,0,0
3654,2.75,3.75,0.272727272727273,0,1,1
3658,2.75,4,0,0,0,0
3659,3,3.5,0,0,0,1
3661,NA,NA,NA,NA,NA,NA
3664,4,3.25,0,0,0,0
3666,3.25,3.75,0,0,0,0
3667,4,3,0.181818181818182,0,NA,1
3669,2.75,3.25,0,0,NA,0
3670,NA,NA,NA,NA,NA,NA
3671,NA,NA,NA,NA,NA,NA
3677,NA,3.25,0,0,0,0
3678,1.75,3.25,0.181818181818182,0,1,0
3680,NA,NA,NA,NA,NA,NA
3681,3.5,2.75,0,0,0,0
3683,NA,3,0,0,0,0
3684,2,3.75,0,0,0,0
3685,2,4,0.636363636363636,0,0,1
3686,NA,4,0.636363636363636,1,0,1
3687,NA,NA,NA,NA,NA,NA
3688,NA,NA,NA,NA,NA,NA
3689,3,3.5,0.0909090909090909,0,0,1
3690,NA,NA,NA,NA,NA,NA
3692,NA,NA,NA,NA,NA,NA
3694,NA,NA,0,0,0,0
3699,2.25,3.25,0.181818181818182,0,1,0
3700,3.25,2.75,0.363636363636364,1,1,0
3701,3,3.5,0,0,0,0
3703,1.75,3.75,0,0,0,0
3704,NA,NA,NA,NA,NA,NA
3705,NA,3.75,0,0,0,0
3706,NA,3.5,0,0,0,1
3708,1.5,2.75,0,0,0,0
3710,3.25,2.75,0,0,0,0
3711,NA,3.75,0.0909090909090909,0,0,1
3713,1.5,3.25,0.454545454545455,0,1,0
3718,3.25,3.5,0,0,0,0
3720,NA,NA,NA,NA,NA,NA
3721,3.25,4,0.454545454545455,1,1,0
3724,NA,3,0,0,NA,0
3725,NA,NA,NA,NA,NA,NA
3726,NA,NA,NA,NA,NA,NA
3730,2.5,2.75,0,0,0,0
3733,NA,NA,0.545454545454545,0,NA,0
3734,3.25,3.25,0,0,1,0
3736,NA,3.25,0,0,0,0
3742,3.25,3.5,0,0,1,0
3743,2.25,3.25,0.0909090909090909,0,0,1
3744,NA,NA,NA,NA,NA,NA
3747,NA,NA,NA,NA,NA,NA
3752,2,4,0.0909090909090909,0,0,0
3753,NA,NA,NA,NA,NA,NA
3755,3.5,3,0.181818181818182,0,0,0
3760,NA,NA,NA,NA,NA,NA
3761,NA,NA,NA,NA,NA,NA
3762,NA,NA,NA,NA,NA,NA
3763,3.75,3.5,0.272727272727273,0,0,0
3766,2,3.75,0,0,NA,1
3769,3,3.25,0,0,NA,0
3770,3.25,3.5,0,0,NA,0
3771,3.25,3.75,0.0909090909090909,0,0,0
3772,1.75,1.75,0,0,0,1
3773,2,2.75,0.272727272727273,0,1,1
3775,3.5,4,0,1,1,0
3779,2,3.75,0,0,0,0
3781,NA,NA,NA,NA,NA,NA
3782,2.5,4,0,0,0,0
3783,3.25,4,0,0,0,0
3785,2.5,3.25,0,0,0,0
3789,NA,3.5,0,0,0,0
3791,2.5,3.25,0,0,NA,0
3792,NA,NA,NA,NA,NA,NA
3799,3.5,4,0.0909090909090909,0,0,0
3802,3.5,3.25,0,0,0,0
3803,2.5,4,0,0,1,0
3806,2.75,3.25,0.363636363636364,0,0,0
3809,NA,NA,0,0,0,0
3815,2.5,3.5,0.0909090909090909,0,0,0
3816,NA,NA,NA,NA,NA,NA
3818,NA,NA,NA,NA,NA,NA
3819,NA,NA,NA,NA,NA,NA
3820,NA,3.5,0.0909090909090909,0,0,0
3821,2.75,4,0,0,0,0
3823,NA,3.75,0.0909090909090909,0,0,0
3824,2.75,3.25,0,0,0,0
3825,4,3,0,0,0,0
3828,NA,NA,NA,NA,NA,NA
3830,3.25,4,0,0,0,0
3831,NA,NA,NA,NA,NA,NA
3832,NA,NA,NA,NA,NA,NA
3834,NA,4,0,0,0,0
3836,NA,NA,NA,NA,NA,NA
3837,4,4,0.0909090909090909,0,NA,0
3838,4,3.5,0,0,0,0
3839,NA,2.75,0,0,1,0
3841,NA,3.25,0,0,0,0
3843,NA,NA,NA,NA,NA,NA
3844,NA,NA,NA,NA,NA,NA
3847,NA,NA,NA,NA,NA,NA
3849,NA,3.75,0.0909090909090909,0,NA,1
3850,NA,NA,NA,NA,NA,NA
3852,3,2.75,0.272727272727273,0,0,0
3853,NA,NA,NA,NA,NA,NA
3854,3.5,3.5,0.181818181818182,0,0,0
3855,NA,NA,NA,NA,NA,NA
3856,NA,4,0.363636363636364,0,1,1
3857,2.75,3.25,0,0,1,0
3858,2.5,3.5,0,0,1,0
3862,NA,3.25,0,0,1,0
3863,3.25,4,0,0,1,1
3864,NA,NA,NA,NA,NA,NA
3866,3,3.25,0,0,0,0
3867,NA,NA,NA,NA,NA,NA
3869,2,3.75,0,0,0,0
3871,1.5,3.5,0,0,0,0
3873,3.25,3.75,0,0,0,1
3874,2.25,3.75,0.363636363636364,0,NA,0
3882,3,3.25,0,0,0,0
3885,NA,3.75,0,0,1,0
3887,3.25,3.25,0.545454545454545,0,1,0
3888,2.5,3.75,0,0,0,1
3894,2.75,3.5,0.181818181818182,0,0,0
3895,3.75,3.25,0,0,0,0
3897,NA,NA,NA,NA,NA,NA
3899,NA,3.75,0.454545454545455,0,0,0
3900,NA,NA,NA,NA,NA,NA
3905,3.75,3,0,0,0,0
3907,NA,NA,NA,NA,NA,NA
3909,3,4,0,0,0,0
3911,3.25,3.75,0.0909090909090909,0,1,0
3914,NA,NA,NA,NA,NA,NA
3919,NA,2.75,0,0,0,0
3920,3,3.25,0,0,0,1
3923,NA,NA,NA,NA,NA,NA
3924,2.5,3,0.0909090909090909,0,0,0
3925,NA,NA,NA,NA,NA,NA
3926,NA,NA,NA,NA,NA,NA
3927,NA,4,0,0,NA,0
3928,3,4,0.454545454545455,0,0,1
3930,2,2.25,0.272727272727273,0,1,1
3932,2.25,3,0,0,0,0
3934,3.25,4,0,0,0,1
3938,3.5,4,0.454545454545455,0,0,1
3939,3.25,3.5,0.272727272727273,0,0,0
3940,NA,NA,NA,NA,NA,NA
3941,NA,NA,NA,NA,NA,NA
3944,2.5,2.75,0.272727272727273,0,0,0
3946,NA,NA,NA,NA,NA,NA
3948,NA,NA,NA,NA,NA,NA
3949,3,3.25,0,0,0,1
3951,NA,NA,NA,NA,NA,NA
3955,3.25,3.75,0.181818181818182,0,0,0
3956,1.5,4,0,0,1,0
3958,NA,NA,NA,NA,NA,NA
3959,NA,3.25,0,0,0,0
3961,NA,NA,NA,NA,NA,NA
3962,NA,2.25,0.0909090909090909,0,0,0
3965,NA,3.5,0,0,0,0
3968,1.75,2.75,0,0,0,0
3973,2.25,3,0.181818181818182,0,0,0
3976,3,2.5,0.454545454545455,1,0,0
3979,NA,NA,NA,NA,NA,NA
3980,NA,NA,NA,NA,NA,NA
3983,2.5,4,0,0,0,0
3988,2.5,3,0,0,0,1
3992,NA,NA,NA,NA,NA,NA
3993,3.25,3.25,0,0,NA,0
4002,2.25,3,0,0,0,0
4007,2.75,3.25,0,0,0,1
4008,2.5,4,0,0,NA,0
4013,4,3.5,0.181818181818182,0,1,0
4014,NA,NA,NA,NA,NA,NA
4016,3,2.75,0,0,0,1
4017,NA,3.25,0.0909090909090909,0,0,1
4021,2.25,3,0.0909090909090909,0,1,1
4024,2.75,3.75,0.0909090909090909,0,0,0
4025,3.25,4,0,0,0,0
4027,3,2.25,0.0909090909090909,0,0,0
4028,3.25,4,0,0,NA,0
4029,NA,NA,NA,NA,NA,NA
4030,NA,3,0,0,0,1
4031,NA,3.25,0,0,0,1
4032,NA,NA,NA,NA,NA,NA
4033,NA,NA,NA,NA,NA,NA
4036,2,3,0.363636363636364,0,0,0
4040,2.75,3.5,0,0,0,1
4042,NA,NA,0.272727272727273,0,0,0
4043,3,4,0.181818181818182,0,0,0
4045,NA,NA,0.454545454545455,1,0,0
4049,2,4,0.0909090909090909,0,1,1
4052,NA,NA,NA,NA,NA,NA
4053,3,3.5,0,0,1,0
4054,NA,3.75,0,0,0,0
4056,1.75,3,0.0909090909090909,0,0,0
4058,NA,NA,NA,NA,NA,NA
4060,NA,NA,NA,NA,NA,NA
4062,NA,3.25,0,0,NA,0
4063,2.75,3.75,0.272727272727273,0,1,1
4068,1.75,3.75,0,0,1,0
4071,3.5,3.5,0.0909090909090909,0,NA,0
4073,NA,3.75,0.272727272727273,0,0,0
4077,3.25,3.5,0,0,1,0
4078,2,3.75,0.272727272727273,0,0,0
4082,NA,3.25,0,0,0,0
4083,3,3.75,0,0,0,0
4088,3,3.5,0,0,1,0
4090,3.75,3.5,0.0909090909090909,0,0,0
4091,NA,NA,NA,NA,NA,NA
4097,3.25,3.5,0.181818181818182,0,1,0
4098,3,4,0.0909090909090909,0,0,0
4100,NA,NA,NA,NA,NA,NA
4103,NA,NA,NA,NA,NA,NA
4108,3,3,0,0,0,0
4109,3.25,4,0.0909090909090909,0,0,0
4111,4,3.25,0,0,1,0
4119,NA,NA,NA,NA,NA,NA
4121,NA,NA,0,0,0,0
4125,NA,NA,NA,NA,NA,NA
4128,NA,NA,NA,NA,NA,NA
4129,NA,NA,NA,NA,NA,NA
4131,NA,NA,0.363636363636364,0,1,0
4135,2.25,3.5,0.272727272727273,0,0,0
4138,2.75,4,0.0909090909090909,0,1,1
4140,NA,NA,NA,NA,NA,NA
4141,NA,NA,NA,NA,NA,NA
4142,2.5,3,0.0909090909090909,0,0,1
4146,3.5,3.75,0.181818181818182,0,0,0
4147,NA,NA,NA,NA,NA,NA
4150,NA,NA,NA,NA,NA,NA
4153,NA,NA,NA,NA,NA,NA
4155,2.25,4,0.0909090909090909,0,NA,0
4157,2.5,4,0,0,0,0
4158,NA,NA,NA,NA,NA,NA
4159,2.5,3.5,0,0,0,1
4162,NA,NA,NA,NA,NA,NA
4165,3.75,4,0.0909090909090909,0,1,1
4167,2.25,3,0,0,0,0
4168,3,3.25,0.0909090909090909,0,0,0
4170,NA,NA,NA,NA,NA,NA
4172,1.5,3.5,0.181818181818182,0,0,0
4177,3.25,1.75,0,0,0,0
4178,NA,NA,NA,NA,NA,NA
4179,NA,4,0.272727272727273,0,NA,0
4181,NA,NA,NA,NA,NA,NA
4183,3.75,3,0,0,0,1
4187,NA,NA,NA,NA,NA,NA
4188,NA,3.75,0.454545454545455,0,0,0
4191,NA,NA,NA,NA,NA,NA
4193,NA,3.75,0.454545454545455,0,1,0
4194,NA,3.25,0.363636363636364,0,0,0
4197,NA,NA,NA,NA,NA,NA
4200,3.25,3.25,0,0,NA,0
4201,NA,NA,NA,NA,NA,NA
4202,3.25,3.5,0,0,0,0
4203,NA,NA,NA,NA,NA,NA
4204,3.5,4,0.272727272727273,0,NA,0
4205,NA,NA,NA,NA,NA,NA
4206,2.75,3.5,0.272727272727273,0,0,0
4213,NA,3.75,0.0909090909090909,0,0,0
4216,2,3,0,0,0,0
4217,NA,3.75,0.272727272727273,0,0,0
4220,NA,NA,NA,NA,NA,NA
4222,NA,NA,NA,NA,NA,NA
4224,3.5,2.75,0.272727272727273,0,0,1
4229,NA,3.5,0,0,0,0
4235,NA,NA,NA,NA,NA,NA
4236,NA,3.75,0,0,0,0
4239,2.75,2.75,0,0,0,0
4240,NA,NA,NA,NA,NA,NA
4241,3,4,0,0,1,1
